agent_st_pos_x,agent_st_pos_y,agent_end_pos_x,agent_end_pos_y,agent_ini_pos_x,agent_ini_pos_y,agent_id,duration,user_id,round,st_time_relative,end_time_relative,is_optimal,q_value,expected_q_value
5.3,7.1,4.0,3.0,5,6,0,1002,2,4,32.5,33.5,0,1.0,0.0
4.6,3.2,4.0,3.0,4,3,0,170,2,4,34.3,34.5,0,1.0,0.0
6.5,3.3,2.0,4.0,6,3,0,830,2,4,41.2,42.0,0,1.0,0.0277777777777777
2.4,5.1,0.0,3.0,2,4,0,783,2,4,42.7,43.4,0,1.0,0.0
0.6,3.9,4.0,2.0,0,3,0,878,2,4,44.2,45.1,0,1.0,0.0
4.3,0.9,2.0,4.0,3,1,0,863,2,4,49.0,49.8,0,1.0,0.0
1.4,4.3,5.0,4.0,2,3,0,1049,2,4,53.9,55.0,0,1.0,0.0277777777777777
6.6,4.1,5.0,7.0,6,4,0,745,2,4,58.2,58.9,0,2.09,0.0
6.9,7.1,3.0,4.0,6,6,0,1312,2,4,66.7,68.0,0,1.0,0.0
3.6,5.1,3.0,5.0,3,4,0,91,2,4,68.9,69.0,0,1.0,0.0
5.9,4.0,3.0,1.0,5,4,0,1386,2,4,74.4,75.8,0,1.0,0.0
4.3,2.5,4.0,3.0,3,2,0,614,2,4,79.5,80.1,0,1.0,0.0
2.3,3.9,2.0,3.0,2,3,0,1337,2,4,85.4,86.7,0,3.29,0.0277777777777777
2.4,3.5,2.0,3.0,2,3,0,319,2,4,87.3,87.6,0,2.951,0.0277777777777777
2.4,3.5,2.0,3.0,2,3,0,792,2,4,88.2,88.9,0,2.6459,0.0277777777777777
2.7,3.4,2.0,3.0,2,3,0,274,2,4,89.5,89.8,0,1.0,0.0277777777777777
1.6,4.3,2.0,3.0,2,3,0,995,2,4,91.0,92.0,0,2.3713100000000003,0.0277777777777777
2.2,3.7,4.0,4.0,2,3,0,417,2,4,92.7,93.1,0,2.7241790000000004,0.0277777777777777
6.6,4.1,3.0,6.0,6,4,0,848,2,4,98.7,99.5,0,1.871,0.0
3.7,6.7,2.0,3.0,4,7,0,673,2,4,103.7,104.4,0,1.0,0.0277777777777777
2.1,3.8,2.0,3.0,2,3,0,155,2,4,105.0,105.2,0,3.0417611000000004,0.0277777777777777
2.5,4.1,2.0,4.0,2,3,0,156,2,4,106.0,106.2,0,1.0,0.0
3.5,4.7,1.0,0.0,2,4,0,767,2,4,107.8,108.5,0,1.0,0.0
6.0,3.0,3.0,3.0,5,3,0,864,3,4,1.4,2.3,0,1.0,0.0
3.4,3.4,2.0,1.0,3,3,0,816,3,4,2.8,3.6,1,1.0,0.1111111111111111
2.4,1.4,1.0,3.0,2,1,0,808,3,4,4.3,5.1,0,1.0,0.0555555555555555
1.8,3.4,1.0,1.0,1,3,0,736,3,4,5.7,6.5,1,1.0,0.1111111111111111
1.6,1.9,5.0,5.0,1,1,0,1072,3,4,7.0,8.1,0,1.0,0.0555555555555555
5.4,5.4,5.0,6.0,5,5,0,471,3,4,8.8,9.2,0,1.0,0.0555555555555555
5.5,6.4,4.0,5.0,5,6,0,656,3,4,9.8,10.5,1,1.0,0.1111111111111111
4.1,5.8,6.0,4.0,4,5,0,816,3,4,11.0,11.9,0,1.0,0.0277777777777777
6.7,4.5,6.0,6.0,6,4,0,640,3,4,12.5,13.1,0,1.0,0.0
6.6,6.6,5.0,6.0,6,6,0,552,3,4,13.7,14.3,0,1.0,0.0
5.5,6.4,4.0,5.0,5,6,0,424,3,4,14.8,15.2,1,1.0,0.1111111111111111
4.7,6.0,4.0,4.0,4,5,0,608,3,4,15.9,16.5,0,1.0,0.0555555555555555
5.0,4.6,5.0,5.0,4,4,0,528,3,4,17.1,17.7,1,1.0,0.1111111111111111
5.5,5.8,6.0,5.0,5,5,0,720,3,4,18.3,19.1,0,1.0,0.0555555555555555
6.9,5.6,6.0,6.0,6,5,0,520,3,4,19.7,20.2,0,1.0,0.0
6.1,6.6,6.0,4.0,6,6,0,744,3,4,20.8,21.5,0,1.0,0.0277777777777777
6.2,4.8,5.0,5.0,6,4,0,560,3,4,22.2,22.8,1,1.0,0.1111111111111111
5.3,5.9,2.0,3.0,5,5,0,752,3,4,23.4,24.1,1,1.0,0.1111111111111111
2.9,3.6,4.0,3.0,2,3,0,432,3,4,24.6,25.1,0,1.0,0.0555555555555555
3.9,3.2,3.0,2.0,4,3,0,391,3,4,25.7,26.1,1,1.0,0.0833333333333333
3.4,2.2,3.0,1.0,3,2,0,264,3,4,26.6,26.9,1,1.0,0.1111111111111111
3.8,1.7,2.0,1.0,3,1,0,288,3,4,27.5,27.8,0,1.0,0.0
2.9,1.8,1.0,1.0,2,1,0,328,3,4,28.3,28.6,0,1.0,0.0555555555555555
1.6,1.7,1.0,2.0,1,1,0,280,3,4,29.2,29.5,0,1.0,0.0
1.5,2.5,2.0,3.0,1,2,0,280,3,4,30.0,30.3,1,1.0,0.1111111111111111
2.2,3.4,3.0,3.0,2,3,0,280,3,4,30.8,31.0,0,1.0,0.0
3.8,3.9,4.0,5.0,3,3,0,384,3,4,31.6,32.0,0,1.0,0.0
4.7,5.2,6.0,6.0,4,5,0,567,3,4,32.7,33.2,1,1.0,0.1111111111111111
6.8,6.8,6.0,5.0,6,6,0,337,3,4,33.9,34.2,0,1.0,0.0
6.7,5.7,6.0,3.0,6,5,0,447,3,4,34.8,35.3,0,1.0,0.0
7.1,3.0,5.0,4.0,6,3,0,528,3,4,36.9,37.4,0,1.0,0.0
5.8,4.2,5.0,5.0,5,4,0,440,3,4,38.1,38.5,0,1.0,0.0
5.6,5.4,5.0,6.0,5,5,0,776,3,4,39.1,39.9,1,1.0,0.1111111111111111
5.5,6.4,4.0,6.0,5,6,0,440,3,4,40.6,41.0,0,1.0,0.0555555555555555
4.4,6.6,6.0,4.0,4,6,0,664,3,4,41.5,42.2,0,1.0,0.0277777777777777
6.2,4.1,6.0,5.0,6,4,0,488,3,4,43.0,43.5,0,1.0,0.0277777777777777
6.4,5.4,6.0,6.0,6,5,0,600,3,4,44.2,44.8,0,1.0,0.0555555555555555
6.7,6.6,4.0,4.0,6,6,0,816,3,4,45.4,46.2,0,1.0,0.0
4.5,4.7,3.0,1.0,4,4,0,776,3,4,46.7,47.5,0,1.0,0.0
3.5,1.9,2.0,3.0,3,1,0,471,3,4,48.4,48.8,0,1.0,0.0555555555555555
2.9,3.8,1.0,2.0,2,3,0,608,3,4,49.5,50.1,0,1.0,0.0277777777777777
1.4,2.4,1.0,3.0,1,2,0,327,3,4,50.8,51.1,0,1.0,0.0277777777777777
1.6,3.9,1.0,0.0,1,3,0,565,3,4,51.8,52.3,0,1.0,0.0277777777777777
1.5,0.8,2.0,1.0,1,0,0,335,3,4,53.0,53.4,0,1.0,0.0
2.4,1.5,3.0,2.0,2,1,0,464,3,4,54.1,54.6,0,1.0,0.0555555555555555
3.2,2.4,3.0,3.0,3,2,0,496,3,4,55.2,55.7,0,1.0,0.0555555555555555
3.8,3.4,4.0,4.0,3,3,0,512,3,4,56.2,56.7,0,1.0,0.0277777777777777
4.3,4.3,5.0,5.0,4,4,0,544,3,4,57.4,58.0,0,1.0,0.0555555555555555
5.8,5.4,6.0,5.0,5,5,0,415,3,4,58.7,59.1,0,1.0,0.0555555555555555
6.7,5.7,6.0,4.0,6,5,0,304,3,4,59.7,60.0,0,1.0,0.0277777777777777
6.5,4.9,5.0,4.0,6,4,0,375,3,4,60.6,61.0,0,1.0,0.0277777777777777
5.9,4.6,5.0,6.0,5,4,0,496,3,4,61.4,61.9,1,1.0,0.1111111111111111
5.2,6.3,5.0,5.0,5,6,0,807,3,4,62.5,63.3,0,1.0,0.0277777777777777
5.5,5.8,6.0,6.0,5,5,0,607,3,4,63.8,64.4,1,1.0,0.1111111111111111
6.6,6.5,4.0,5.0,6,6,0,600,3,4,65.1,65.7,0,1.0,0.0
4.3,5.4,5.0,6.0,4,5,0,480,3,4,66.3,66.7,0,1.0,0.0277777777777777
5.2,6.6,1.0,1.0,5,6,0,855,3,4,67.3,68.2,0,1.0,0.0277777777777777
1.7,1.9,2.0,2.0,1,1,0,400,3,4,68.8,69.2,0,1.0,0.0
2.4,2.7,2.0,1.0,2,2,0,487,3,4,69.9,70.4,0,1.0,0.0555555555555555
2.7,1.6,3.0,1.0,2,1,0,592,3,4,71.0,71.5,0,1.0,0.0555555555555555
3.5,1.6,1.0,2.0,3,1,0,671,3,4,72.1,72.8,0,1.0,0.0
1.8,2.5,1.0,3.0,1,2,0,440,3,4,73.2,73.7,0,1.0,0.0555555555555555
1.5,3.7,3.0,3.0,1,3,0,440,3,4,74.2,74.7,0,1.0,0.0
3.1,3.5,4.0,5.0,3,3,0,728,3,4,75.2,76.0,1,1.0,0.1111111111111111
4.6,5.5,5.0,5.0,4,5,0,416,3,4,76.5,76.9,1,1.0,0.1111111111111111
5.7,5.6,1.0,1.0,5,5,0,872,3,4,77.4,78.2,0,1.0,0.0555555555555555
1.8,1.4,2.0,1.0,1,1,0,296,3,4,78.8,79.1,0,1.0,0.0
2.6,1.3,2.0,2.0,2,1,0,496,3,4,79.7,80.2,0,1.0,0.0277777777777777
2.4,2.3,1.0,1.0,2,2,0,416,3,4,80.7,81.1,0,1.0,0.0555555555555555
2.1,1.4,1.0,2.0,1,1,0,535,3,4,82.0,82.5,0,1.0,0.0555555555555555
1.7,3.0,4.0,4.0,1,2,0,799,3,4,83.2,84.0,1,1.0,0.1111111111111111
4.1,4.0,4.0,5.0,4,4,0,568,3,4,84.9,85.5,0,1.0,0.0
4.3,5.4,5.0,4.0,4,5,0,840,3,4,86.1,86.9,0,1.0,0.0555555555555555
5.8,4.4,6.0,4.0,5,4,0,672,3,4,87.7,88.4,0,1.0,0.0277777777777777
6.9,4.7,5.0,5.0,6,4,0,272,3,4,89.3,89.6,0,1.0,0.0
4.6,4.7,6.0,6.0,5,5,0,1032,3,4,91.3,92.3,1,1.0,0.1111111111111111
6.6,6.7,3.0,2.0,6,6,0,799,3,4,92.9,93.7,0,1.0,0.0
3.1,2.8,3.0,3.0,3,2,0,343,3,4,94.3,94.7,1,1.0,0.1111111111111111
3.6,3.4,2.0,1.0,3,3,0,680,3,4,95.4,96.1,0,1.0,0.0277777777777777
2.5,1.9,6.0,5.0,2,1,0,944,3,4,96.7,97.6,0,1.0,0.0555555555555555
6.5,5.8,6.0,6.0,6,5,0,390,3,4,98.2,98.6,1,1.0,0.1111111111111111
6.6,6.7,4.0,6.0,6,6,0,672,3,4,99.1,99.8,0,1.0,0.0
7.1,0.5,5.0,5.0,6,0,0,1280,2,5,1.3,2.5,1,1.0,0.0
6.7,4.0,5.0,5.0,6,4,0,560,2,5,5.6,6.2,0,1.0,0.0
6.2,4.9,5.0,5.0,5,5,0,617,2,5,8.2,8.8,1,3.29,0.1111111111111111
5.8,5.2,4.0,5.0,5,5,0,489,2,5,9.6,10.1,1,3.551,0.1111111111111111
3.5,4.7,2.0,2.0,3,4,0,606,2,5,12.7,13.3,1,1.0,0.0833333333333333
1.2,3.3,5.0,6.0,1,2,0,966,2,5,18.6,19.6,0,1.0,0.0277777777777777
6.1,6.7,5.0,5.0,5,6,0,541,2,5,20.4,20.9,0,1.0,0.0277777777777777
5.9,6.1,2.0,2.0,6,6,0,827,2,5,24.4,25.2,1,1.0,0.1111111111111111
1.5,3.5,2.0,2.0,1,3,0,554,2,5,27.4,28.0,0,1.49,0.0555555555555555
2.1,3.1,2.0,2.0,2,2,0,384,2,5,28.9,29.2,1,3.7151,0.1111111111111111
1.8,1.9,2.0,2.0,2,2,0,458,2,5,31.2,31.7,1,1.0,0.1111111111111111
2.1,3.0,2.0,2.0,2,2,0,433,2,5,32.5,33.0,1,3.3633800000000003,0.1111111111111111
2.0,2.1,6.0,5.0,2,2,0,1051,2,5,34.4,35.4,1,3.29,0.1111111111111111
5.3,4.3,5.0,5.0,5,4,0,509,2,5,38.1,38.6,0,1.0,0.0277777777777777
4.8,5.5,4.0,2.0,5,5,0,1273,2,5,40.6,41.9,0,1.0,0.0555555555555555
3.5,1.6,2.0,4.0,3,1,0,1782,2,5,44.7,46.4,0,1.0,0.0
2.7,3.9,2.0,3.0,2,3,0,229,2,5,49.2,49.5,0,1.0,0.0
1.9,3.7,2.0,3.0,2,3,0,509,2,5,51.1,51.6,0,1.0,0.0555555555555555
4.5,5.5,4.0,5.0,4,5,0,211,2,5,56.6,56.8,0,2.69,0.0277777777777777
4.2,6.2,4.0,6.0,4,5,0,371,2,5,58.3,58.7,0,1.0,0.0277777777777777
4.5,7.0,4.0,2.0,4,6,0,1934,2,5,59.6,61.5,0,1.0,0.0
4.6,2.5,4.0,2.0,4,2,0,123,2,5,62.0,62.2,0,1.0,0.0
1.6,1.1,5.0,7.0,1,1,0,839,2,5,74.0,74.9,0,1.0,0.0
4.6,7.5,5.0,6.0,4,7,0,471,2,5,79.9,80.4,0,1.0,0.0
5.5,6.8,5.0,6.0,5,6,0,178,2,5,81.0,81.2,0,3.29,0.0277777777777777
4.3,5.4,5.0,5.0,4,5,0,431,2,5,84.1,84.6,0,1.0,0.0
4.6,4.7,5.0,5.0,5,5,0,357,2,5,86.5,86.9,1,1.0,0.1111111111111111
5.4,5.2,5.0,5.0,5,5,0,329,2,5,87.6,87.9,1,6.890000000000001,0.1111111111111111
5.7,5.4,5.0,5.0,5,5,0,108,2,5,88.5,88.6,1,6.191000000000001,0.1111111111111111
5.5,5.4,5.0,5.0,5,5,0,98,2,5,89.1,89.2,1,5.5619000000000005,0.1111111111111111
5.5,5.4,5.0,5.0,5,5,0,124,2,5,89.5,89.6,1,4.995710000000001,0.1111111111111111
5.7,5.5,5.0,5.0,5,5,0,267,2,5,90.0,90.3,1,4.4861390000000005,0.1111111111111111
5.6,5.6,5.0,5.0,5,5,0,203,2,5,91.0,91.2,1,4.0275251,0.1111111111111111
5.3,5.6,4.0,5.0,5,5,0,220,2,5,91.6,91.8,1,3.61477259,0.1111111111111111
3.9,6.3,5.0,5.0,4,5,0,526,2,5,93.0,93.6,0,4.49,0.0277777777777777
5.3,6.4,4.0,2.0,4,5,0,826,2,5,104.3,105.1,1,1.0,0.1111111111111111
5.6,2.1,1.0,4.0,5,2,0,1567,4,4,12.7,14.2,1,1.0,0.0
1.1,4.7,2.0,2.0,1,4,0,1581,4,4,25.2,26.8,0,1.0,0.0
0.4,5.5,6.0,1.0,0,4,0,1168,4,4,33.8,35.0,0,1.0,0.0
6.9,0.7,4.0,3.0,7,1,0,1008,4,4,39.2,40.2,1,1.0,0.0
1.2,3.5,3.0,4.0,1,3,0,2167,4,4,64.7,66.8,0,1.0,0.0
2.7,4.5,7.0,7.0,3,4,0,1160,4,4,68.7,69.9,0,1.0,0.0
5.5,7.5,6.0,6.0,5,7,0,1103,4,4,77.6,78.7,0,1.0,0.0
5.7,5.6,7.0,5.0,5,5,0,895,4,4,95.7,96.6,0,1.7926828100000003,0.0555555555555555
3.9,3.1,4.0,4.0,4,2,0,744,3,5,1.3,2.0,1,1.0,0.0833333333333333
4.7,4.7,5.0,5.0,4,4,0,784,3,5,2.6,3.4,1,1.0,0.1111111111111111
5.6,5.5,4.0,6.0,5,5,0,511,3,5,3.9,4.4,0,1.0,0.0555555555555555
4.2,6.4,4.0,4.0,4,6,0,664,3,5,5.0,5.6,0,1.0,0.0277777777777777
4.5,4.8,3.0,3.0,4,4,0,600,3,5,6.1,6.7,0,1.0,0.0
3.7,3.8,6.0,5.0,3,3,0,959,3,5,7.3,8.3,0,1.0,0.0555555555555555
6.7,5.8,4.0,4.0,6,5,0,678,3,5,8.7,9.4,0,1.0,0.0
4.7,4.5,4.0,4.0,4,4,0,407,3,5,10.0,10.4,0,1.0,0.0
4.5,4.8,4.0,5.0,4,4,0,271,3,5,10.9,11.2,0,1.0,0.0
4.9,5.3,2.0,3.0,4,5,0,704,3,5,11.8,12.5,1,1.0,0.1111111111111111
2.5,3.4,1.0,2.0,2,3,0,879,3,5,13.1,14.0,0,1.0,0.0555555555555555
1.3,2.7,2.0,0.0,1,2,0,680,3,5,14.6,15.3,0,1.0,0.0277777777777777
2.5,0.6,2.0,1.0,2,0,0,335,3,5,16.0,16.4,0,1.0,0.0
2.7,1.3,4.0,1.0,2,1,0,392,3,5,16.9,17.3,0,1.0,0.0277777777777777
4.1,1.7,3.0,1.0,4,1,0,312,3,5,17.9,18.2,1,1.0,0.0833333333333333
3.5,2.0,3.0,2.0,3,1,0,263,3,5,18.8,19.1,0,1.0,0.0555555555555555
3.6,2.7,3.0,2.0,3,2,0,319,3,5,19.6,20.0,0,1.0,0.0277777777777777
3.7,2.9,2.0,2.0,3,2,0,424,3,5,20.4,20.8,0,1.0,0.0277777777777777
2.8,2.6,2.0,1.0,2,2,0,272,3,5,21.3,21.6,0,1.0,0.0555555555555555
2.9,1.8,2.0,1.0,2,1,0,103,3,5,22.1,22.2,1,1.0,0.1111111111111111
3.8,1.5,4.0,4.0,3,1,0,912,3,5,24.4,25.3,0,1.0,0.0
4.7,4.5,6.0,4.0,4,4,0,375,3,5,25.9,26.3,0,1.0,0.0555555555555555
6.7,5.0,6.0,5.0,6,4,0,319,3,5,26.9,27.2,0,1.0,0.0277777777777777
6.7,5.5,5.0,4.0,6,5,0,407,3,5,27.7,28.1,0,1.0,0.0277777777777777
5.5,4.5,5.0,5.0,5,4,0,352,3,5,28.6,29.0,0,1.0,0.0555555555555555
5.5,5.3,1.0,3.0,5,5,0,912,3,5,29.3,30.3,0,1.0,0.0555555555555555
1.5,3.6,1.0,2.0,1,3,0,527,3,5,30.7,31.2,0,1.0,0.0555555555555555
1.7,2.6,1.0,1.0,1,2,0,559,3,5,31.8,32.3,0,1.0,0.0555555555555555
1.4,1.6,2.0,1.0,1,1,0,560,3,5,32.8,33.4,0,1.0,0.0
2.5,1.5,3.0,2.0,2,1,0,643,3,5,33.8,34.5,0,1.49,0.0555555555555555
3.5,2.6,2.0,3.0,3,2,0,664,3,5,35.0,35.6,0,1.0,0.0555555555555555
2.7,3.8,1.0,2.0,2,3,0,440,3,5,36.2,36.7,0,1.0,0.0
1.8,3.0,4.0,4.0,1,2,0,792,3,5,37.1,37.9,1,1.0,0.1111111111111111
4.9,4.6,5.0,4.0,4,4,0,622,3,5,38.4,39.0,0,1.0,0.0277777777777777
5.5,4.8,4.0,5.0,5,4,0,534,3,5,39.5,40.0,1,1.0,0.1111111111111111
4.6,5.6,5.0,6.0,4,5,0,663,3,5,40.5,41.2,0,1.0,0.0277777777777777
5.7,6.2,4.0,6.0,5,6,0,511,3,5,41.8,42.4,0,1.0,0.0555555555555555
4.7,6.4,6.0,4.0,4,6,0,832,3,5,42.9,43.7,0,1.0,0.0555555555555555
6.7,4.6,5.0,4.0,6,4,0,559,3,5,44.2,44.7,0,1.0,0.0277777777777777
5.5,4.6,5.0,4.0,5,4,0,416,3,5,45.3,45.7,0,1.0,0.0555555555555555
5.3,4.5,6.0,6.0,5,4,0,855,3,5,46.3,47.1,1,1.0,0.1111111111111111
6.6,6.8,3.0,2.0,6,6,0,800,3,5,47.6,48.5,0,1.0,0.0277777777777777
3.7,2.9,3.0,1.0,3,2,0,528,3,5,49.1,49.7,0,1.0,0.0555555555555555
3.6,1.7,2.0,2.0,3,1,0,519,3,5,50.2,50.7,0,1.0,0.0555555555555555
2.7,2.6,1.0,1.0,2,2,0,520,3,5,51.1,51.7,1,1.0,0.1111111111111111
1.6,1.5,5.0,4.0,1,1,0,831,3,5,52.2,53.0,0,1.0,0.0
5.8,4.1,5.0,5.0,5,4,0,415,3,5,53.7,54.2,0,1.0,0.0277777777777777
5.6,5.3,5.0,6.0,5,5,0,583,3,5,54.7,55.3,0,1.0,0.0555555555555555
5.9,6.2,5.0,4.0,5,6,0,503,3,5,55.9,56.4,1,1.0,0.1111111111111111
5.3,4.3,4.0,4.0,5,4,0,359,3,5,57.2,57.6,0,1.0,0.0
4.0,4.1,2.0,3.0,4,4,0,584,3,5,58.3,58.9,0,1.0,0.0555555555555555
2.7,3.8,3.0,3.0,2,3,0,352,3,5,59.5,59.8,0,1.0,0.0
3.4,3.8,3.0,1.0,3,3,0,824,3,5,60.3,61.2,0,1.0,0.0277777777777777
3.6,1.6,3.0,3.0,3,1,0,722,3,5,61.8,62.5,0,1.0,0.0277777777777777
3.7,3.7,4.0,5.0,3,3,0,656,3,5,63.0,63.7,0,1.0,0.0
4.5,5.7,4.0,6.0,4,5,0,375,3,5,64.4,64.7,0,1.0,0.0277777777777777
5.0,6.5,5.0,5.0,4,6,0,487,3,5,65.3,65.8,0,1.0,0.0555555555555555
5.7,5.5,5.0,4.0,5,5,0,415,3,5,66.3,66.7,0,1.0,0.0555555555555555
5.9,4.4,6.0,5.0,5,4,0,360,3,5,67.2,67.6,0,1.0,0.0555555555555555
6.7,5.3,6.0,4.0,6,5,0,247,3,5,68.2,68.5,0,1.0,0.0
6.5,4.7,6.0,6.0,6,4,0,639,3,5,69.0,69.7,0,1.0,0.0555555555555555
6.0,6.4,2.0,2.0,6,6,0,1135,3,5,70.2,71.4,0,1.0,0.0555555555555555
2.1,2.9,1.0,2.0,2,2,0,551,3,5,71.9,72.5,1,1.0,0.1111111111111111
1.6,2.7,1.0,3.0,1,2,0,319,3,5,73.1,73.4,0,1.0,0.0555555555555555
1.4,3.6,3.0,3.0,1,3,0,624,3,5,74.0,74.6,0,1.0,0.0
3.6,3.5,3.0,2.0,3,3,0,480,3,5,75.2,75.7,0,1.0,0.0
3.6,2.7,4.0,4.0,3,2,0,823,3,5,76.3,77.1,0,1.0,0.0
4.7,4.8,5.0,6.0,4,4,0,791,3,5,77.6,78.4,1,1.0,0.1111111111111111
5.7,6.8,6.0,6.0,5,6,0,383,3,5,79.0,79.4,0,1.0,0.0
6.5,6.6,5.0,5.0,6,6,0,375,3,5,79.8,80.2,0,1.0,0.0277777777777777
5.7,5.6,6.0,5.0,5,5,0,487,3,5,80.8,81.3,1,1.0,0.1111111111111111
6.5,5.3,6.0,4.0,6,5,0,311,3,5,81.7,82.0,0,1.0,0.0555555555555555
6.4,4.6,4.0,5.0,6,4,0,816,3,5,82.5,83.3,0,1.0,0.0555555555555555
4.6,5.7,2.0,3.0,4,5,0,1023,3,5,83.8,84.9,0,1.0,0.0277777777777777
3.5,2.6,2.0,1.0,3,2,0,376,3,5,87.0,87.4,0,1.0,0.0555555555555555
2.7,1.5,1.0,1.0,2,1,0,823,3,5,88.0,88.8,0,1.0,0.0277777777777777
1.9,1.7,2.0,3.0,1,1,0,848,3,5,89.3,90.2,1,1.0,0.1111111111111111
2.2,3.7,4.0,5.0,2,3,0,711,3,5,90.7,91.4,0,1.0,0.0277777777777777
4.8,5.6,4.0,6.0,4,5,0,502,3,5,92.0,92.5,1,1.0,0.1111111111111111
4.5,6.5,5.0,6.0,4,6,0,447,3,5,93.0,93.4,0,1.0,0.0
5.4,6.8,4.0,4.0,5,6,0,576,3,5,94.0,94.5,0,1.0,0.0277777777777777
4.7,5.0,6.0,4.0,4,4,0,471,3,5,95.0,95.5,1,1.0,0.1111111111111111
6.9,4.4,6.0,5.0,6,4,0,384,3,5,96.2,96.6,0,1.0,0.0
6.7,5.6,5.0,5.0,6,5,0,375,3,5,97.4,97.7,0,1.0,0.0
5.7,5.2,5.0,5.0,5,5,0,383,3,5,98.4,98.8,0,1.0,0.0555555555555555
5.4,5.3,5.0,6.0,5,5,0,335,3,5,99.4,99.7,0,1.0,0.0555555555555555
1.8,6.3,2.0,3.0,2,5,0,536,4,5,6.4,7.0,1,1.0,0.0
1.3,6.1,1.0,5.0,1,6,0,744,4,5,49.3,50.0,1,1.0,0.0
1.5,6.3,1.0,3.0,1,5,0,568,4,5,52.3,52.9,1,1.0,0.0
2.5,0.6,2.0,1.0,2,0,0,562,4,5,69.0,69.6,1,1.0,0.0833333333333333
1.6,0.6,2.0,1.0,2,1,0,480,4,5,71.6,72.1,0,1.0,0.0277777777777777
1.7,1.1,2.0,2.0,1,1,0,601,4,5,75.5,76.1,0,1.871,0.0277777777777777
1.5,1.3,2.0,2.0,1,1,0,569,4,5,78.5,79.1,0,1.0,0.0277777777777777
1.5,1.4,1.0,2.0,1,1,0,463,4,5,81.9,82.4,0,1.871,0.0277777777777777
2.1,1.9,1.0,2.0,2,2,0,584,4,5,85.9,86.5,1,9.1259,0.1111111111111111
2.2,2.2,4.0,3.0,2,2,0,703,4,5,89.8,90.5,1,9.1259,0.1111111111111111
2.4,3.3,3.0,4.0,2,3,0,631,4,5,95.2,95.8,0,1.0,0.0555555555555555
6.5,6.3,3.0,1.0,6,6,0,992,5,4,2.7,3.7,0,1.0,0.0
3.9,1.9,1.0,1.0,3,1,0,864,5,4,5.0,5.9,0,1.0,0.0277777777777777
1.6,1.3,2.0,2.0,1,1,0,481,5,4,6.9,7.4,0,1.0,0.0
2.9,2.8,4.0,4.0,2,2,0,598,5,4,8.6,9.2,1,1.0,0.1111111111111111
4.7,4.6,6.0,4.0,4,4,0,681,5,4,10.3,11.0,1,1.0,0.1111111111111111
6.9,4.7,2.0,3.0,6,4,0,894,5,4,12.6,13.5,0,1.0,0.0
2.6,2.8,1.0,1.0,2,2,0,836,5,4,16.1,17.0,0,1.0,0.0555555555555555
2.0,1.1,2.0,2.0,1,1,0,708,5,4,18.5,19.2,0,1.0,0.0277777777777777
1.9,2.9,2.0,1.0,2,2,0,753,5,4,21.0,21.8,1,1.0,0.1111111111111111
2.8,1.4,3.0,2.0,2,1,0,720,5,4,22.9,23.6,0,1.0,0.0555555555555555
3.5,2.1,3.0,3.0,3,2,0,753,5,4,24.8,25.5,0,1.0,0.0555555555555555
3.9,3.3,4.0,4.0,3,3,0,665,5,4,26.6,27.3,0,1.0,0.0277777777777777
4.2,4.0,4.0,6.0,4,4,0,858,5,4,28.7,29.6,0,1.0,0.0555555555555555
5.0,5.9,6.0,5.0,4,6,0,770,5,4,31.3,32.0,1,1.0,0.1111111111111111
6.5,6.0,1.0,1.0,6,6,0,1376,5,4,34.2,35.5,0,1.0,0.0277777777777777
0.6,1.3,2.0,1.0,0,1,0,640,5,4,38.2,38.9,0,1.0,0.0
2.4,2.2,4.0,2.0,2,2,0,610,5,4,41.4,42.0,1,1.0,0.1111111111111111
4.1,2.8,3.0,1.0,4,2,0,975,5,4,43.2,44.2,1,1.0,0.0833333333333333
3.2,1.0,2.0,1.0,3,1,0,953,5,4,45.8,46.8,0,1.0,0.0277777777777777
2.5,1.7,4.0,3.0,2,1,0,922,5,4,48.3,49.3,0,4.4486,0.0555555555555555
4.3,4.2,5.0,4.0,4,3,0,641,5,4,50.9,51.5,0,1.0,0.0555555555555555
5.1,6.0,1.0,1.0,5,6,0,1089,5,4,57.2,58.3,1,1.0,0.1111111111111111
1.5,1.1,1.0,2.0,1,1,0,639,5,4,59.5,60.1,0,1.0,0.0
1.5,2.3,2.0,3.0,1,2,0,646,5,4,61.0,61.6,0,1.0,0.0277777777777777
2.1,3.2,3.0,2.0,2,3,0,630,5,4,62.8,63.4,0,1.0,0.0555555555555555
3.8,2.1,5.0,4.0,3,2,0,761,5,4,64.6,65.4,0,1.0,0.0277777777777777
5.2,4.7,6.0,5.0,5,4,0,791,5,4,66.4,67.2,1,3.89,0.1111111111111111
6.5,5.1,6.0,6.0,6,5,0,694,5,4,68.4,69.1,0,1.0,0.0555555555555555
6.7,6.1,2.0,2.0,6,6,0,834,5,4,70.3,71.2,0,1.0,0.0277777777777777
2.7,2.8,4.0,3.0,2,2,0,632,5,4,72.2,72.8,0,1.0,0.0555555555555555
4.1,3.0,3.0,1.0,4,3,0,820,5,4,74.3,75.2,1,1.0,0.0833333333333333
3.5,1.6,1.0,2.0,3,1,0,828,5,4,76.1,76.9,0,1.0,0.0555555555555555
1.8,2.3,4.0,5.0,1,2,0,831,5,4,77.9,78.7,1,1.0,0.1111111111111111
4.9,5.8,6.0,4.0,4,5,0,757,5,4,79.7,80.4,1,3.29,0.1111111111111111
6.1,4.7,6.0,6.0,6,4,0,828,5,4,81.5,82.3,1,1.0,0.1111111111111111
6.8,6.3,1.0,1.0,6,6,0,963,5,4,83.4,84.3,0,1.0,0.0
1.8,1.7,3.0,4.0,1,1,0,547,5,4,85.4,85.9,1,-3.1,0.1111111111111111
3.6,3.9,2.0,3.0,3,4,0,745,5,4,87.3,88.0,0,1.0,0.0555555555555555
2.4,3.6,2.0,1.0,2,3,0,716,5,4,89.1,89.8,0,1.0,0.0277777777777777
2.6,1.6,3.0,1.0,2,1,0,575,5,4,90.7,91.3,0,4.4486,0.0555555555555555
3.7,1.4,4.0,4.0,3,1,0,727,5,4,92.3,93.0,0,1.0,0.0
4.2,4.1,5.0,6.0,4,4,0,803,5,4,94.1,94.9,0,1.0,0.0555555555555555
5.1,6.0,5.0,4.0,5,6,0,705,5,4,96.3,97.0,1,-3.1,0.1111111111111111
5.3,4.8,6.0,4.0,5,4,0,772,5,4,97.8,98.6,1,3.89,0.1111111111111111
1.9,3.9,3.0,2.0,1,4,0,742,5,5,5.6,6.3,1,1.0,0.0833333333333333
3.4,1.9,4.0,4.0,3,2,0,729,5,5,7.7,8.4,0,1.0,0.0555555555555555
4.1,4.3,5.0,4.0,4,4,0,776,5,5,9.5,10.3,0,1.0,0.0
5.8,4.5,6.0,5.0,5,4,0,827,5,5,11.5,12.3,0,1.0,0.0555555555555555
6.7,5.2,4.0,4.0,6,5,0,789,5,5,13.4,14.2,0,1.0,0.0555555555555555
4.4,4.4,6.0,5.0,4,4,0,664,5,5,15.2,15.9,0,1.0,0.0
7.1,6.1,4.0,6.0,6,5,0,783,5,5,17.4,18.2,0,1.0,0.0277777777777777
4.7,6.5,6.0,6.0,4,6,0,632,5,5,19.2,19.8,0,1.0,0.0
5.9,6.4,2.0,1.0,6,6,0,893,5,5,21.5,22.4,0,1.0,0.0555555555555555
2.4,1.7,3.0,2.0,2,1,0,507,5,5,23.3,23.8,0,1.0,0.0555555555555555
3.2,2.0,1.0,1.0,3,2,0,645,5,5,25.0,25.7,1,1.0,0.1111111111111111
1.6,1.4,1.0,2.0,1,1,0,415,5,5,26.7,27.1,0,1.0,0.0555555555555555
1.2,2.1,2.0,3.0,1,2,0,554,5,5,28.1,28.7,0,1.0,0.0277777777777777
2.8,3.3,5.0,5.0,2,3,0,737,5,5,29.7,30.4,1,1.0,0.1111111111111111
5.3,5.1,7.0,5.0,5,5,0,717,5,5,31.4,32.1,1,1.0,0.1111111111111111
7.4,5.1,6.0,5.0,7,5,0,605,5,5,33.3,33.9,0,1.0,0.0
6.5,5.8,1.0,2.0,6,5,0,930,5,5,34.9,35.9,0,1.0,0.0555555555555555
1.8,2.2,2.0,1.0,1,2,0,675,5,5,37.0,37.7,1,1.0,0.1111111111111111
2.3,1.4,5.0,6.0,2,1,0,907,5,5,38.8,39.7,0,1.0,0.0555555555555555
5.5,6.1,6.0,4.0,5,6,0,596,5,5,40.7,41.3,0,1.0,0.0555555555555555
6.7,4.8,4.0,6.0,6,4,0,1184,5,5,42.7,43.9,0,1.0,0.0277777777777777
4.3,6.3,5.0,4.0,4,6,0,800,5,5,44.9,45.7,0,1.0,0.0
5.4,4.1,1.0,3.0,5,4,0,899,5,5,46.7,47.6,0,1.0,0.0
1.1,3.0,3.0,2.0,1,3,0,581,5,5,49.0,49.5,0,1.0,0.0277777777777777
3.8,2.7,2.0,3.0,3,2,0,574,5,5,50.8,51.3,0,-3.1,0.0277777777777777
2.1,3.6,2.0,1.0,2,3,0,610,5,5,52.6,53.2,0,1.0,0.0277777777777777
2.2,1.2,1.0,2.0,2,1,0,682,5,5,54.4,55.1,0,1.0,0.0277777777777777
1.6,2.4,5.0,5.0,1,2,0,779,5,5,56.1,56.8,0,1.0,0.0555555555555555
5.3,5.7,4.0,4.0,5,5,0,797,5,5,57.9,58.7,1,1.0,0.1111111111111111
4.5,4.6,6.0,4.0,4,4,0,596,5,5,59.5,60.1,0,1.0,0.0555555555555555
6.3,4.7,4.0,5.0,6,4,0,767,5,5,61.1,61.8,1,-3.1,0.1111111111111111
4.5,5.2,3.0,2.0,4,5,0,732,5,5,62.9,63.6,0,1.0,0.0555555555555555
3.4,2.6,1.0,1.0,3,2,0,648,5,5,64.6,65.2,0,1.0,0.0555555555555555
2.0,1.6,2.0,1.0,1,1,0,546,5,5,66.3,66.8,1,1.0,0.1111111111111111
2.6,1.5,4.0,4.0,2,1,0,802,5,5,67.6,68.4,0,1.0,0.0555555555555555
4.4,4.6,6.0,5.0,4,4,0,998,5,5,69.3,70.3,0,1.0,0.0277777777777777
6.4,5.6,6.0,6.0,6,5,0,703,5,5,71.4,72.1,0,1.0,0.0555555555555555
6.6,6.5,6.0,4.0,6,6,0,629,5,5,73.0,73.6,0,1.0,0.0555555555555555
6.1,4.0,5.0,4.0,6,4,0,1168,5,5,74.7,75.8,0,1.0,0.0277777777777777
5.6,4.6,4.0,5.0,5,4,0,566,5,5,76.7,77.3,0,1.0,0.0555555555555555
4.9,5.1,2.0,3.0,4,5,0,734,5,5,78.5,79.2,1,1.0,0.1111111111111111
2.3,3.3,2.0,2.0,2,3,0,537,5,5,80.3,80.8,0,1.0,0.0555555555555555
2.4,2.3,1.0,2.0,2,2,0,631,5,5,82.0,82.6,0,1.0,0.0555555555555555
1.6,2.2,3.0,2.0,1,2,0,692,5,5,83.9,84.5,0,1.0,0.0555555555555555
3.6,2.4,5.0,6.0,3,2,0,739,5,5,85.4,86.1,0,1.0,0.0555555555555555
4.9,5.7,5.0,4.0,5,6,0,737,5,5,87.9,88.7,1,1.0,0.1111111111111111
5.6,4.7,6.0,4.0,5,4,0,666,5,5,89.7,90.4,0,1.0,0.0555555555555555
6.7,4.3,3.0,3.0,6,4,0,856,5,5,91.6,92.4,0,1.0,0.0
3.6,3.5,2.0,2.0,3,3,0,804,5,5,93.5,94.3,0,1.0,0.0
2.3,2.6,1.0,2.0,2,2,0,1078,5,5,95.3,96.4,1,1.0,0.1111111111111111
1.0,2.5,2.0,1.0,1,2,0,767,5,5,97.4,98.1,0,1.0,0.0277777777777777
2.7,1.9,3.0,2.0,2,1,0,311,5,5,99.5,99.8,1,-3.1,0.1111111111111111
2.1,3.3,6.0,5.0,2,3,0,680,2,8,5.6,6.3,0,1.0,0.0555555555555555
5.3,4.5,6.0,5.0,5,4,0,623,2,8,9.2,9.8,0,1.0,0.0555555555555555
7.2,3.1,5.0,7.0,7,3,0,636,2,8,38.4,39.0,0,1.0,0.0
5.2,7.5,5.0,7.0,5,7,0,103,2,8,39.7,39.8,0,1.0,0.0
4.7,6.6,6.0,7.0,4,6,0,431,2,8,61.1,61.6,0,3.0776247035810007,0.0555555555555555
4.4,5.0,2.0,4.0,4,4,0,377,2,8,79.7,80.1,0,1.49,0.0277777777777777
2.6,4.6,5.0,5.0,2,4,0,733,2,8,80.6,81.4,0,1.0,0.0
4.3,4.6,6.0,6.0,5,5,0,809,2,8,83.4,84.2,1,4.8059,0.1111111111111111
6.9,6.4,7.0,5.0,6,6,0,378,2,8,84.9,85.3,0,1.0,0.0
4.8,5.6,1.0,4.0,4,5,0,466,2,8,93.9,94.3,0,1.49,0.0555555555555555
0.7,4.4,4.0,2.0,0,3,0,793,2,8,98.4,99.2,0,1.0,0.0
4.5,2.3,4.0,2.0,4,1,0,609,2,8,105.8,106.4,0,1.0,0.0
1.2,1.5,2.0,2.0,1,1,1,547,2,8,7.6,8.1,0,1.0,0.0
0.9,2.6,2.0,2.0,0,2,1,424,2,8,13.0,13.4,1,1.0,0.0833333333333333
1.5,4.4,2.0,2.0,1,4,1,476,2,8,18.6,19.0,0,1.0,0.0277777777777777
2.1,4.3,2.0,2.0,1,3,1,430,2,8,41.4,41.8,0,1.0,0.0277777777777777
2.5,3.1,2.0,3.0,2,2,1,123,2,8,42.5,42.7,0,1.5341,0.0555555555555555
2.6,3.7,2.0,2.0,2,3,1,479,2,8,43.2,43.7,0,1.0,0.0
2.6,2.8,2.0,2.0,2,2,1,360,2,8,44.3,44.7,0,1.58939,0.0555555555555555
2.6,2.8,2.0,2.0,2,2,1,313,2,8,45.3,45.6,0,1.639151,0.0555555555555555
3.5,5.6,4.0,2.0,3,5,1,717,2,8,64.1,64.8,0,1.0,0.0
5.1,2.2,5.0,2.0,4,2,1,131,2,8,65.4,65.6,0,1.0,0.0
5.8,2.4,2.0,0.0,5,2,1,628,2,8,66.3,67.0,1,1.0,0.0
3.5,1.5,2.0,4.0,3,1,1,657,2,8,87.4,88.1,0,3.2357690000000003,0.0277777777777777
3.0,4.7,4.0,2.0,2,4,1,490,2,8,89.2,89.7,0,1.0,0.0
4.7,3.1,2.0,0.0,4,2,1,573,2,8,90.3,90.9,0,1.0,0.0
3.2,1.2,0.0,1.0,2,0,1,481,2,8,97.1,97.5,1,8.050858999999999,0.0833333333333333
0.4,1.6,3.0,1.0,0,1,1,978,2,8,102.4,103.4,1,1.0,0.0833333333333333
3.4,1.5,3.0,1.0,3,1,1,126,2,8,104.0,104.1,0,3.64036751,0.0277777777777777
6.5,1.6,2.0,2.0,6,1,0,745,2,9,2.6,3.4,1,1.0,0.0
1.5,2.7,2.0,2.0,1,2,0,387,2,9,19.5,19.8,1,1.0,0.1111111111111111
2.6,2.0,2.0,2.0,3,1,0,317,2,9,47.8,48.2,1,4.784361689097634,0.1111111111111111
3.0,1.9,2.0,2.0,3,1,0,647,2,9,60.8,61.5,1,6.561488650152315,0.1111111111111111
3.2,1.9,1.0,1.0,2,2,0,356,2,9,62.8,63.1,1,6.855948264215948,0.1111111111111111
4.1,1.2,2.0,4.0,3,0,0,705,2,9,75.8,76.5,0,1.0,0.0277777777777777
5.4,3.7,2.0,2.0,4,3,0,656,2,9,103.8,104.5,0,1.0,0.0
7.1,7.1,5.0,5.0,6,7,1,629,2,9,1.1,1.7,0,1.0,0.0277777777777777
2.2,4.7,6.0,7.0,2,4,1,655,2,9,15.9,16.5,0,1.0,0.0
6.2,7.8,7.0,6.0,6,7,1,610,2,9,17.4,18.0,0,1.0,0.0
4.9,6.7,7.0,5.0,5,6,1,700,2,9,50.0,50.7,0,3.08524745831,0.0555555555555555
4.8,7.2,5.0,6.0,5,6,1,462,2,9,80.7,81.2,0,1.0,0.0277777777777777
4.5,6.7,3.0,5.0,4,6,1,698,2,9,83.8,84.5,0,2.958477022922323,0.0555555555555555
3.6,6.0,4.0,3.0,3,5,1,726,2,9,85.1,85.9,0,1.0,0.0
4.9,6.5,4.0,4.0,4,6,1,638,2,9,98.0,98.6,0,3.3720853448292347,0.0555555555555555
4.4,5.1,5.0,3.0,4,4,1,565,2,9,99.2,99.8,0,10.49,0.0555555555555555
5.3,3.5,5.0,3.0,5,3,1,114,2,9,100.4,100.5,0,1.0,0.0
5.3,3.5,5.0,3.0,5,3,1,105,2,9,101.0,101.1,0,1.0,0.0
5.3,3.5,5.0,3.0,5,3,1,96,2,9,101.6,101.7,0,1.0,0.0
6.4,2.6,2.0,1.0,5,3,0,822,5,8,2.0,2.8,0,1.0,0.0
3.8,2.9,5.0,5.0,3,2,0,841,5,8,5.9,6.7,0,1.0,0.0277777777777777
4.6,4.4,3.0,3.0,4,4,0,753,5,8,10.5,11.2,0,1.0,0.0555555555555555
3.3,2.3,1.0,2.0,3,2,0,425,5,8,14.3,14.8,0,1.0,0.0555555555555555
2.9,3.7,2.0,1.0,2,3,0,490,5,8,20.5,21.0,0,1.0,0.0277777777777777
2.7,1.8,3.0,2.0,2,1,0,442,5,8,22.1,22.6,1,5.69,0.1111111111111111
5.6,1.5,2.0,1.0,5,1,0,579,5,8,31.9,32.4,1,1.0,0.0
2.2,1.2,1.0,2.0,2,1,0,634,5,8,33.6,34.2,0,1.0,0.0277777777777777
1.4,2.7,3.0,3.0,1,2,0,710,5,8,35.3,36.0,0,1.0,0.0277777777777777
3.5,2.9,3.0,1.0,3,3,0,473,5,8,37.2,37.7,0,1.49,0.0555555555555555
3.6,1.4,2.0,3.0,3,1,0,683,5,8,38.6,39.3,0,1.0,0.0
2.8,3.6,2.0,1.0,2,3,0,481,5,8,40.4,40.8,0,1.0,0.0277777777777777
4.1,3.0,3.0,2.0,4,3,0,473,5,8,52.8,53.3,1,1.0,0.0833333333333333
3.5,2.2,1.0,1.0,3,2,0,732,5,8,54.0,54.8,0,1.49,0.0277777777777777
1.2,1.7,2.0,1.0,1,1,0,552,5,8,56.1,56.7,0,1.0,0.0277777777777777
2.9,1.4,1.0,2.0,2,1,0,631,5,8,57.8,58.4,0,1.0,0.0277777777777777
4.5,1.0,2.0,1.0,4,1,0,424,5,8,75.5,75.9,0,2.09,0.0
2.1,1.4,1.0,1.0,2,1,0,447,5,8,77.0,77.5,0,1.0,0.0555555555555555
1.7,1.3,3.0,2.0,1,1,0,421,5,8,78.4,78.8,0,1.0,0.0277777777777777
4.6,1.6,2.0,2.0,4,1,0,504,5,8,81.7,82.2,0,1.0,0.0
2.9,2.1,3.0,3.0,2,2,0,558,5,8,83.2,83.7,1,1.0,0.1111111111111111
3.5,3.3,1.0,2.0,3,3,0,582,5,8,84.5,85.1,0,-3.1,0.0555555555555555
1.6,2.6,1.0,3.0,1,2,0,402,5,8,86.1,86.5,0,9.0491,0.0555555555555555
4.0,5.7,2.0,3.0,4,5,1,531,5,8,4.0,4.6,0,1.0,0.0277777777777777
1.0,1.8,2.0,1.0,1,2,1,731,5,8,8.7,9.4,0,1.0,0.0277777777777777
3.6,0.7,5.0,5.0,3,0,1,861,5,8,12.2,13.1,0,1.0,0.0555555555555555
5.3,4.3,6.0,5.0,5,4,1,564,5,8,16.0,16.6,0,1.0,0.0
6.3,5.6,6.0,4.0,6,5,1,463,5,8,17.6,18.1,0,1.0,0.0555555555555555
6.5,4.3,5.0,4.0,6,4,1,493,5,8,19.1,19.6,0,1.0,0.0
5.6,5.3,6.0,5.0,5,5,1,499,5,8,25.2,25.7,0,1.49,0.0555555555555555
6.5,5.5,6.0,6.0,6,5,1,575,5,8,26.6,27.2,0,1.0,0.0555555555555555
6.5,6.3,4.0,6.0,6,6,1,488,5,8,28.2,28.6,1,1.0,0.1111111111111111
4.7,6.2,5.0,4.0,4,6,1,551,5,8,29.4,29.9,0,1.0,0.0555555555555555
5.4,4.7,4.0,4.0,5,4,1,393,5,8,30.8,31.2,1,1.49,0.1111111111111111
2.6,4.8,6.0,5.0,2,5,1,550,5,8,42.1,42.6,1,1.0,0.0
6.7,5.5,5.0,5.0,6,5,1,575,5,8,43.7,44.3,0,1.0,0.0
5.7,5.1,6.0,4.0,5,5,1,505,5,8,45.3,45.8,0,1.49,0.0555555555555555
6.6,4.5,5.0,6.0,6,4,1,685,5,8,46.6,47.3,0,1.0,0.0277777777777777
5.3,6.5,6.0,6.0,5,6,1,633,5,8,48.2,48.8,1,2.69,0.1111111111111111
6.6,6.5,6.0,4.0,6,6,1,546,5,8,49.6,50.2,0,1.0,0.0
6.4,4.6,4.0,5.0,6,4,1,702,5,8,51.0,51.7,0,1.0,0.0555555555555555
2.9,6.2,3.0,3.0,3,5,1,536,5,8,60.1,60.6,0,1.0,0.0
3.8,3.2,5.0,4.0,3,3,1,560,5,8,61.7,62.2,0,1.0,0.0277777777777777
5.2,4.7,4.0,6.0,5,4,1,566,5,8,63.3,63.8,1,1.49,0.1111111111111111
4.9,6.0,6.0,4.0,4,6,1,472,5,8,64.9,65.4,1,-3.1,0.1111111111111111
7.0,4.4,6.0,5.0,6,4,1,581,5,8,66.4,66.9,0,1.0,0.0
6.5,5.8,5.0,4.0,6,5,1,499,5,8,67.8,68.3,0,1.0,0.0277777777777777
5.6,4.3,4.0,5.0,5,4,1,555,5,8,69.3,69.9,0,1.0,0.0
4.2,5.3,5.0,5.0,4,5,1,553,5,8,70.9,71.5,0,1.331,0.0
5.7,5.6,5.0,6.0,5,5,1,413,5,8,72.4,72.8,0,-3.1,0.0555555555555555
5.2,6.4,4.0,4.0,5,6,1,517,5,8,73.7,74.2,1,2.69,0.1111111111111111
0.4,4.7,5.0,5.0,0,5,1,727,5,8,91.2,91.9,1,1.0,0.0
5.6,4.9,6.0,4.0,5,5,1,569,5,8,93.3,93.8,0,1.49,0.0555555555555555
6.1,4.1,4.0,4.0,6,4,1,508,5,8,94.8,95.3,0,1.0,0.0277777777777777
4.7,4.8,4.0,6.0,4,4,1,506,5,8,96.4,96.9,1,1.0,0.1111111111111111
4.2,6.3,6.0,5.0,4,6,1,544,5,8,97.9,98.5,0,1.0,0.0
6.8,5.7,5.0,6.0,6,5,1,474,5,8,99.6,100.1,0,1.0,0.0277777777777777
1.6,4.1,1.0,1.0,1,4,0,784,3,8,3.2,4.0,0,1.0,0.0555555555555555
1.7,0.7,2.0,2.0,2,0,0,887,3,8,7.9,8.8,0,1.0,0.0
3.8,4.0,1.0,2.0,3,3,0,575,3,8,12.2,12.7,0,1.0,0.0
2.7,3.3,3.0,2.0,2,3,0,391,3,8,15.1,15.5,0,1.49,0.0277777777777777
2.6,5.9,3.0,1.0,2,5,0,759,3,8,28.6,29.3,1,1.0,0.0
2.0,4.2,3.0,1.0,2,3,0,448,3,8,39.7,40.1,0,1.49,0.0277777777777777
1.5,1.6,5.0,4.0,1,1,0,687,3,8,44.6,45.3,0,2.09,0.0555555555555555
3.4,3.6,2.0,1.0,3,3,0,831,3,8,50.1,50.9,0,1.0,0.0555555555555555
2.8,1.2,1.0,2.0,2,1,0,591,3,8,51.7,52.3,0,1.0,0.0277777777777777
2.3,3.8,4.0,4.0,2,3,0,847,3,8,55.7,56.5,0,1.49,0.0277777777777777
5.4,7.6,1.0,2.0,4,7,0,815,3,8,64.7,65.5,0,1.0,0.0
1.7,3.9,3.0,1.0,1,4,0,847,3,8,70.6,71.5,1,1.0,0.0833333333333333
2.2,2.6,5.0,5.0,2,2,0,759,3,8,74.2,74.9,1,7.729100000000001,0.1111111111111111
5.7,6.8,4.0,6.0,5,6,0,247,3,8,77.6,77.8,0,1.0,0.0277777777777777
5.4,6.4,2.0,2.0,5,6,0,488,3,8,80.5,81.0,0,1.0,0.0555555555555555
1.7,1.7,1.0,3.0,1,1,0,599,3,8,83.9,84.5,0,2.09,0.0555555555555555
0.6,4.6,5.0,4.0,0,4,0,711,3,8,87.0,87.7,0,1.0,0.0
4.1,4.0,5.0,5.0,4,4,0,720,3,8,91.2,91.9,0,2.69,0.0555555555555555
4.9,7.0,4.0,5.0,5,6,0,239,3,8,95.4,95.6,0,2.69,0.0277777777777777
6.7,6.4,4.0,6.0,6,6,1,551,3,8,4.9,5.4,0,1.0,0.0555555555555555
4.3,6.4,5.0,6.0,4,6,1,327,3,8,6.2,6.6,0,1.0,0.0
5.2,7.1,6.0,4.0,4,7,1,727,3,8,9.9,10.7,1,1.0,0.0833333333333333
6.8,5.4,5.0,4.0,6,5,1,335,3,8,13.7,14.1,0,1.0,0.0555555555555555
5.7,5.7,4.0,4.0,5,5,1,342,3,8,16.7,17.1,1,1.0,0.1111111111111111
3.8,4.5,4.0,6.0,4,4,1,488,3,8,27.2,27.7,0,1.0,0.0
4.8,5.5,5.0,5.0,4,5,1,359,3,8,30.4,30.7,0,1.0,0.0555555555555555
5.8,6.6,6.0,4.0,5,6,1,407,3,8,34.0,34.4,0,1.0,0.0555555555555555
6.5,5.1,4.0,4.0,6,4,1,255,3,8,35.4,35.6,0,1.49,0.0555555555555555
5.6,3.5,5.0,5.0,6,3,1,319,3,8,41.2,41.5,0,1.0,0.0
4.6,5.4,5.0,6.0,5,5,1,319,3,8,43.1,43.4,0,1.0,0.0555555555555555
4.1,6.1,5.0,7.0,4,5,1,608,3,8,47.0,47.6,0,1.0,0.0277777777777777
5.2,7.5,6.0,4.0,5,7,1,727,3,8,48.4,49.2,0,1.0,0.0
7.7,4.7,2.0,1.0,7,4,1,1079,3,8,53.9,54.9,0,1.0,0.0
2.8,1.6,3.0,1.0,3,2,1,229,3,8,58.9,59.2,1,1.0,0.1111111111111111
3.0,1.4,3.0,2.0,3,1,1,375,3,8,60.2,60.5,0,1.0,0.0555555555555555
3.6,2.0,3.0,3.0,3,2,1,655,3,8,61.6,62.2,0,1.0,0.0555555555555555
5.9,3.5,6.0,6.0,5,3,1,478,3,8,67.0,67.5,0,1.0,0.0
7.1,6.4,6.0,5.0,6,6,1,319,3,8,68.7,69.0,0,1.0,0.0
7.0,5.7,5.0,4.0,7,5,1,263,3,8,72.5,72.8,1,1.0,0.0833333333333333
5.0,4.0,6.0,4.0,5,3,1,422,3,8,76.1,76.5,1,1.0,0.0833333333333333
6.8,5.6,4.0,5.0,6,5,1,383,3,8,79.0,79.4,0,1.0,0.0277777777777777
4.8,4.4,2.0,1.0,4,4,1,463,3,8,82.2,82.7,0,2.471,0.0277777777777777
5.3,7.1,4.0,4.0,5,7,0,579,5,9,24.3,24.8,1,2.1467,0.0833333333333333
4.7,4.5,6.0,4.0,4,4,0,529,5,9,25.7,26.3,0,1.0,0.0555555555555555
6.5,5.2,6.0,5.0,6,4,0,427,5,9,27.5,27.9,0,2.69,0.0555555555555555
5.5,7.0,4.0,4.0,5,7,0,505,5,9,35.3,35.8,1,1.0,0.0833333333333333
4.2,4.4,5.0,4.0,4,4,0,504,5,9,36.7,37.2,0,1.0,0.0
5.6,4.4,4.0,5.0,5,4,0,496,5,9,38.1,38.6,0,3.29,0.0555555555555555
4.3,5.5,5.0,5.0,4,5,0,532,5,9,39.6,40.1,0,1.0,0.0277777777777777
5.1,6.6,6.0,4.0,4,6,0,647,5,9,43.3,44.0,0,2.5266227000000003,0.0277777777777777
6.6,4.5,6.0,6.0,6,4,0,499,5,9,44.9,45.4,0,1.0,0.0
5.5,5.7,5.0,4.0,5,6,0,425,5,9,52.3,52.7,0,1.0,0.0555555555555555
5.6,5.0,6.0,5.0,5,4,0,447,5,9,53.6,54.0,0,1.0,0.0555555555555555
6.4,5.5,5.0,4.0,6,5,0,519,5,9,55.0,55.5,1,3.3341000000000003,0.1111111111111111
6.3,1.8,4.0,5.0,6,1,0,667,5,9,62.4,63.1,1,1.0,0.0
4.1,5.5,4.0,4.0,4,5,0,385,5,9,64.2,64.6,0,1.0,0.0277777777777777
4.4,4.6,6.0,5.0,4,4,0,421,5,9,65.4,65.8,0,1.0,0.0
5.9,5.6,6.0,4.0,6,5,0,390,5,9,66.8,67.2,1,3.3341000000000003,0.1111111111111111
6.1,4.5,5.0,4.0,6,4,0,457,5,9,68.1,68.6,0,1.0,0.0555555555555555
5.6,4.7,5.0,5.0,5,4,0,565,5,9,69.2,69.8,0,1.49,0.0277777777777777
6.9,4.3,4.0,4.0,7,4,0,595,5,9,79.1,79.7,0,1.0,0.0555555555555555
4.2,4.4,3.0,3.0,4,4,0,451,5,9,80.7,81.2,0,1.0,0.0
3.3,3.5,4.0,5.0,3,3,0,567,5,9,82.1,82.7,0,1.0,0.0277777777777777
4.8,5.8,6.0,6.0,4,5,0,492,5,9,83.5,84.0,0,1.0,0.0555555555555555
4.4,7.1,6.0,6.0,4,7,0,890,5,9,91.2,92.1,1,1.0,0.0833333333333333
6.3,6.7,4.0,6.0,6,6,0,610,5,9,93.0,93.6,0,5.63200037,0.0277777777777777
4.7,6.5,4.0,4.0,4,6,0,544,5,9,94.3,94.9,0,2.5266227000000003,0.0277777777777777
4.5,4.5,5.0,4.0,4,4,0,552,5,9,95.7,96.3,0,1.0,0.0
5.8,4.5,3.0,3.0,5,4,0,734,5,9,97.2,97.9,0,3.551,0.0555555555555555
3.6,3.6,1.0,2.0,3,3,1,549,5,9,11.8,12.3,0,1.0,0.0
1.6,2.8,2.0,1.0,1,2,1,469,5,9,13.5,13.9,0,1.0,0.0555555555555555
2.8,1.5,3.0,2.0,2,1,1,428,5,9,14.9,15.3,0,1.0,0.0277777777777777
3.4,2.7,2.0,2.0,3,2,1,486,5,9,16.2,16.7,0,1.0,0.0555555555555555
2.4,2.9,1.0,1.0,2,2,1,504,5,9,17.7,18.2,0,1.0,0.0555555555555555
1.8,1.4,3.0,1.0,1,1,1,499,5,9,19.3,19.8,0,1.0,0.0
3.8,1.7,2.0,1.0,3,1,1,538,5,9,20.7,21.3,0,1.0,0.0
2.7,1.6,1.0,2.0,2,1,1,597,5,9,22.1,22.7,0,1.0,0.0555555555555555
0.6,4.0,2.0,2.0,0,4,1,616,5,9,29.2,29.8,0,1.0,0.0
2.3,3.1,1.0,1.0,2,2,1,574,5,9,31.9,32.5,0,1.0,0.0555555555555555
1.4,1.5,3.0,1.0,1,1,1,492,5,9,33.6,34.1,0,1.0,0.0
4.6,2.7,2.0,2.0,4,2,1,535,5,9,41.4,41.9,0,1.0,0.0
3.5,2.5,3.0,3.0,3,2,1,461,5,9,48.4,48.8,0,1.49,0.0555555555555555
3.6,3.7,2.0,1.0,3,3,1,620,5,9,49.6,50.2,0,1.0,0.0555555555555555
2.5,1.8,1.0,1.0,2,1,1,441,5,9,51.1,51.5,1,-3.1,0.1111111111111111
2.1,2.9,2.0,3.0,1,3,1,479,5,9,57.7,58.2,1,1.49,0.1111111111111111
2.9,3.4,3.0,2.0,2,3,1,492,5,9,59.0,59.5,0,1.0,0.0555555555555555
3.6,3.7,2.0,3.0,3,3,1,464,5,9,72.5,73.0,0,1.0,0.0555555555555555
2.2,3.6,1.0,2.0,2,3,1,557,5,9,73.9,74.5,0,1.0,0.0277777777777777
1.7,2.5,2.0,1.0,1,2,1,413,5,9,75.8,76.3,0,2.09,0.0555555555555555
2.7,1.1,1.0,1.0,2,1,1,604,5,9,77.3,77.9,0,1.0,0.0277777777777777
2.4,2.8,1.0,3.0,2,2,1,422,5,9,85.3,85.7,1,3.4106,0.1111111111111111
1.6,3.3,3.0,2.0,1,3,1,562,5,9,86.6,87.1,1,1.49,0.1111111111111111
3.2,2.4,3.0,2.0,3,2,1,425,5,9,88.1,88.5,0,-2.8,0.0555555555555555
3.4,2.0,3.0,1.0,3,2,1,531,5,9,89.4,89.9,1,1.0,0.1111111111111111
4.4,2.7,2.0,2.0,4,2,1,595,5,9,98.9,99.5,1,1.0,0.0833333333333333
6.5,1.6,4.0,0.0,6,1,0,840,4,8,4.7,5.5,1,1.0,0.0
4.5,2.5,1.0,6.0,4,2,0,647,4,8,17.8,18.4,0,1.0,0.0
0.4,6.8,1.0,0.0,0,7,0,704,4,8,22.3,23.0,1,1.0,0.0
4.1,1.8,1.0,2.0,3,2,0,1112,4,8,57.6,58.7,0,1.0,0.0277777777777777
3.3,3.1,1.0,2.0,2,2,0,1104,4,8,84.4,85.5,1,8.09,0.1111111111111111
1.5,3.7,1.0,1.0,1,3,0,558,4,8,88.3,88.8,0,0.89,0.0
3.2,3.1,1.0,1.0,2,2,0,448,4,8,92.8,93.2,1,8.09,0.1111111111111111
2.1,2.1,2.0,1.0,1,1,0,296,4,8,94.8,95.1,1,7.9499,0.1111111111111111
3.9,2.5,2.0,1.0,3,2,0,417,4,8,98.2,98.6,0,1.0,0.0
2.5,1.5,1.0,7.0,2,1,1,889,4,8,2.5,3.4,1,1.0,0.1111111111111111
3.0,5.9,1.0,7.0,2,6,1,550,4,8,7.2,7.7,1,1.0,0.0
3.0,7.0,7.0,1.0,2,6,1,975,4,8,16.2,17.2,1,1.0,0.0
6.7,2.7,7.0,0.0,7,3,1,456,4,8,23.8,24.3,0,1.0,0.0
5.9,6.0,4.0,7.0,6,5,1,568,4,8,62.8,63.3,1,9.4337,0.1111111111111111
3.6,7.1,6.0,6.0,3,6,1,776,4,8,77.2,77.9,0,1.0,0.0
6.3,4.8,6.0,5.0,6,4,1,416,4,8,90.9,91.3,1,1.0,0.1111111111111111
6.0,4.5,4.0,5.0,6,4,1,454,4,8,99.3,99.8,0,6.337949,0.0555555555555555
4.9,1.3,3.0,1.0,4,1,0,918,4,9,12.7,13.6,0,1.0,0.0
2.9,2.2,1.0,4.0,2,2,0,527,4,9,26.2,26.7,1,1.1344996699999998,0.1111111111111111
0.8,2.7,1.0,2.0,1,3,0,354,4,9,30.7,31.1,0,1.0,0.0277777777777777
2.2,1.1,1.0,1.0,1,0,0,399,4,9,56.4,56.8,1,1.0,0.0833333333333333
1.2,1.3,1.0,1.0,1,1,0,413,4,9,57.7,58.1,0,2.09,0.0
3.0,2.1,2.0,2.0,3,1,0,513,4,9,64.1,64.6,1,4.3134016703,0.1111111111111111
3.1,3.0,2.0,2.0,2,2,0,344,4,9,65.9,66.3,1,1.0,0.1111111111111111
3.9,1.5,2.0,2.0,3,1,0,406,4,9,69.2,69.6,0,1.0,0.0
3.5,2.1,2.0,2.0,3,1,0,368,4,9,73.3,73.7,0,1.0,0.0555555555555555
3.5,1.5,2.0,1.0,3,1,0,391,4,9,76.4,76.8,0,1.0,0.0
2.9,2.2,1.0,2.0,2,2,0,391,4,9,82.4,82.8,1,9.371566917075382,0.1111111111111111
2.1,1.1,2.0,2.0,2,1,0,407,4,9,85.8,86.2,0,1.0,0.0277777777777777
3.1,1.2,1.0,3.0,3,1,0,480,4,9,89.4,89.9,0,1.0,0.0277777777777777
4.4,2.4,2.0,1.0,3,1,0,354,4,9,96.6,96.9,0,1.0,0.0277777777777777
6.7,3.6,5.0,1.0,6,3,1,768,4,9,14.4,15.2,0,1.0,0.0
6.6,2.4,5.0,1.0,6,2,1,773,4,9,17.5,18.3,1,1.0,0.0
4.8,1.5,5.0,1.0,5,1,1,430,4,9,20.0,20.4,1,1.0,0.0
6.2,1.7,5.0,2.0,5,1,1,456,4,9,21.9,22.3,1,1.0,0.0
5.8,0.4,6.0,6.0,5,0,1,951,4,9,32.7,33.6,1,1.0,0.0
6.6,5.5,6.0,5.0,6,5,1,432,4,9,48.1,48.5,0,1.0,0.0555555555555555
6.9,5.5,5.0,5.0,6,5,1,400,4,9,49.5,49.9,0,1.0,0.0
6.1,5.0,5.0,6.0,5,5,1,336,4,9,50.9,51.3,1,10.49,0.1111111111111111
5.6,6.9,5.0,5.0,5,6,1,664,4,9,52.6,53.3,0,1.0,0.0
5.9,5.2,5.0,5.0,5,5,1,335,4,9,54.3,54.6,1,10.49,0.1111111111111111
3.6,6.0,5.0,5.0,3,5,1,528,4,9,60.5,61.0,0,1.0,0.0
6.1,4.9,5.0,5.0,5,5,1,312,4,9,62.2,62.5,1,8.231,0.1111111111111111
4.5,5.6,5.0,6.0,4,5,1,374,4,9,67.3,67.7,1,1.0,0.1111111111111111
5.5,7.1,6.0,5.0,5,7,1,447,4,9,70.8,71.2,0,1.0,0.0555555555555555
7.2,6.6,6.0,5.0,7,6,1,487,4,9,74.8,75.2,0,2.9087,0.0555555555555555
7.3,5.5,6.0,6.0,7,5,1,800,4,9,78.2,79.0,1,1.0,0.0833333333333333
4.7,5.4,6.0,6.0,5,5,1,401,4,9,83.6,84.0,0,1.0,0.0555555555555555
5.2,5.8,6.0,5.0,5,5,1,465,4,9,87.5,87.9,1,8.471,0.1111111111111111
7.1,6.5,6.0,6.0,7,6,1,368,4,9,91.0,91.3,0,2.9087,0.0555555555555555
4.3,5.7,5.0,5.0,4,6,1,311,4,9,98.0,98.3,0,1.49,0.0555555555555555
6.5,7.7,5.0,6.0,7,6,0,257,3,9,49.2,49.5,0,1.0,0.0277777777777777
6.8,5.9,4.0,5.0,6,6,0,264,3,9,53.1,53.4,0,1.0,0.0277777777777777
4.5,5.3,5.0,5.0,4,5,0,304,3,9,54.2,54.5,0,1.0,0.0277777777777777
6.5,4.6,4.0,4.0,6,4,0,328,3,9,56.9,57.3,1,1.0,0.1111111111111111
4.7,5.1,4.0,6.0,4,4,0,328,3,9,58.1,58.5,0,1.0,0.0555555555555555
3.8,7.1,4.0,5.0,3,7,0,464,3,9,61.3,61.7,0,1.0,0.0
5.0,5.7,5.0,6.0,4,5,0,271,3,9,62.5,62.7,0,1.0,0.0555555555555555
5.6,6.7,1.0,1.0,5,6,0,688,3,9,63.4,64.1,0,1.0,0.0555555555555555
1.6,2.4,5.0,4.0,1,2,0,487,3,9,67.2,67.7,0,1.0,0.0555555555555555
5.1,4.5,6.0,5.0,5,4,0,295,3,9,68.4,68.7,0,1.0,0.0555555555555555
6.0,5.3,6.0,6.0,6,5,0,368,3,9,69.5,69.8,1,1.0,0.1111111111111111
4.3,7.0,5.0,5.0,4,6,0,512,3,9,74.8,75.3,0,2.09,0.0
6.7,4.4,6.0,7.0,6,4,0,527,3,9,77.7,78.2,0,1.0,0.0277777777777777
6.5,6.5,5.0,6.0,6,6,0,208,3,9,80.6,80.8,0,2.69,0.0277777777777777
5.7,6.9,3.0,3.0,5,6,0,672,3,9,81.5,82.1,0,1.0,0.0277777777777777
4.6,4.5,4.0,5.0,4,4,0,247,3,9,84.7,85.0,0,1.0,0.0555555555555555
6.4,5.9,6.0,4.0,5,6,0,263,3,9,88.3,88.5,1,1.0,0.1111111111111111
6.8,5.1,3.0,1.0,6,4,0,576,3,9,89.4,90.0,0,1.0,0.0277777777777777
4.2,3.0,4.0,4.0,4,2,0,271,3,9,93.4,93.7,1,1.0,0.0833333333333333
4.9,4.3,4.0,5.0,4,4,0,247,3,9,94.4,94.6,0,1.0,0.0277777777777777
4.9,5.4,6.0,5.0,4,5,0,247,3,9,95.3,95.6,1,1.0,0.1111111111111111
6.5,5.2,5.0,4.0,6,5,0,192,3,9,96.5,96.7,0,0.89,0.0555555555555555
3.3,2.1,3.0,1.0,3,2,1,279,3,9,51.8,52.1,0,1.49,0.0555555555555555
4.1,2.2,2.0,1.0,4,1,1,335,3,9,55.4,55.7,1,2.09,0.0833333333333333
1.9,3.4,3.0,3.0,2,2,1,335,3,9,59.6,59.9,1,8.690000000000001,0.1111111111111111
4.9,2.1,2.0,2.0,5,2,1,319,3,9,65.0,65.3,1,1.0,0.0
2.5,2.8,3.0,1.0,2,2,1,264,3,9,66.0,66.3,1,8.690000000000001,0.1111111111111111
2.3,2.2,3.0,2.0,2,2,1,255,3,9,71.1,71.4,0,1.0,0.0555555555555555
3.4,2.5,2.0,3.0,3,2,1,368,3,9,71.9,72.3,0,1.49,0.0555555555555555
2.9,3.5,1.0,1.0,2,3,1,375,3,9,72.8,73.2,0,1.0,0.0555555555555555
2.1,2.9,3.0,3.0,1,2,1,359,3,9,76.3,76.7,1,1.0,0.1111111111111111
1.9,3.2,1.0,1.0,2,2,1,247,3,9,83.0,83.2,1,8.690000000000001,0.1111111111111111
1.6,2.6,4.0,2.0,1,2,1,263,3,9,86.0,86.2,0,1.0,0.0277777777777777
4.5,3.1,3.0,2.0,4,2,1,247,3,9,86.9,87.1,0,1.0,0.0
2.0,3.7,1.0,2.0,1,3,1,240,3,9,92.3,92.6,0,1.49,0.0555555555555555
1.7,3.7,1.0,2.0,1,3,1,184,3,9,99.1,99.2,0,1.49,0.0555555555555555
1.8,3.0,3.0,2.0,1,3,0,337,8,4,3.4,3.8,1,1.0,0.1111111111111111
3.9,2.5,2.0,1.0,3,2,0,377,8,4,5.0,5.4,0,1.0,0.0
2.1,1.7,3.0,1.0,2,1,0,509,8,4,6.5,7.0,0,1.0,0.0555555555555555
3.7,1.8,4.0,4.0,3,1,0,687,8,4,8.2,8.9,0,1.0,0.0277777777777777
4.9,4.8,6.0,5.0,4,4,0,708,8,4,10.1,10.8,1,1.0,0.1111111111111111
6.5,5.7,2.0,2.0,6,5,0,800,8,4,11.6,12.4,0,1.0,0.0555555555555555
3.4,1.9,5.0,6.0,3,1,0,856,8,4,15.7,16.6,0,1.0,0.0555555555555555
5.2,6.1,3.0,3.0,5,6,0,683,8,4,18.0,18.7,1,1.0,0.1111111111111111
3.4,3.9,1.0,2.0,3,3,0,484,8,4,20.0,20.5,0,1.0,0.0277777777777777
2.4,1.7,4.0,4.0,2,1,0,735,8,4,22.8,23.5,0,1.0,0.0555555555555555
4.4,4.7,1.0,3.0,4,4,0,584,8,4,24.6,25.1,0,1.0,0.0555555555555555
1.8,3.2,3.0,2.0,1,3,0,610,8,4,26.3,26.9,1,2.09,0.1111111111111111
3.1,2.4,2.0,1.0,3,2,0,404,8,4,28.0,28.4,1,1.0,0.1111111111111111
2.8,1.3,5.0,5.0,2,1,0,816,8,4,29.6,30.4,0,1.0,0.0277777777777777
5.6,4.8,2.0,3.0,5,5,0,622,8,4,32.0,32.7,0,1.0,0.0555555555555555
2.5,3.1,1.0,3.0,2,3,0,549,8,4,33.8,34.4,0,1.0,0.0555555555555555
2.0,3.2,1.0,1.0,1,3,0,457,8,4,35.7,36.2,1,2.4737,0.1111111111111111
3.5,0.5,3.0,3.0,3,0,0,684,8,4,47.3,47.9,0,1.0,0.0555555555555555
3.8,3.6,1.0,3.0,3,3,0,439,8,4,49.0,49.4,0,1.0,0.0
1.8,3.3,4.0,5.0,1,3,0,676,8,4,50.5,51.2,1,2.81903,0.1111111111111111
3.9,5.8,6.0,6.0,4,5,0,517,8,4,52.7,53.2,0,1.0,0.0277777777777777
6.9,6.9,5.0,6.0,6,6,0,450,8,4,54.3,54.8,0,1.0,0.0
5.5,6.5,6.0,4.0,5,6,0,566,8,4,55.7,56.3,1,2.09,0.1111111111111111
6.9,4.3,4.0,4.0,6,4,0,487,8,4,57.4,57.9,0,1.0,0.0
5.0,4.8,6.0,5.0,4,4,0,567,8,4,59.4,60.0,1,1.49,0.1111111111111111
6.4,5.6,3.0,1.0,6,5,0,870,8,4,60.8,61.6,0,1.49,0.0555555555555555
3.4,2.0,1.0,1.0,3,1,0,411,8,4,62.8,63.2,0,1.49,0.0555555555555555
2.2,1.1,4.0,6.0,1,0,0,897,8,4,69.2,70.1,1,1.0,0.0833333333333333
5.3,6.3,6.0,4.0,4,6,0,463,8,4,72.0,72.5,0,1.0,0.0555555555555555
6.4,4.1,1.0,3.0,6,4,0,495,8,4,73.7,74.2,0,1.0,0.0
2.1,2.7,5.0,5.0,1,3,0,508,8,4,76.2,76.7,1,5.529827,0.1111111111111111
5.6,4.6,3.0,2.0,5,5,0,453,8,4,77.9,78.4,0,3.29,0.0555555555555555
3.2,2.0,0.0,1.0,3,2,0,327,8,4,79.9,80.3,1,2.09,0.1111111111111111
0.7,1.7,1.0,2.0,0,1,0,327,8,4,81.6,81.9,0,1.0,0.0
2.0,2.1,1.0,3.0,1,2,0,435,8,4,83.4,83.8,1,2.69,0.1111111111111111
1.0,2.8,3.0,1.0,1,3,0,494,8,4,85.7,86.2,0,1.0,0.0277777777777777
4.1,0.7,6.0,5.0,3,1,0,567,8,4,87.9,88.5,0,1.0,0.0
6.2,5.7,4.0,5.0,6,5,0,349,8,4,89.4,89.8,0,1.5371,0.0555555555555555
4.2,5.6,5.0,4.0,4,5,0,470,8,4,90.9,91.4,0,2.09,0.0277777777777777
5.6,4.3,5.0,5.0,5,4,0,532,8,4,92.5,93.0,0,1.0,0.0277777777777777
5.3,5.4,5.0,6.0,5,5,0,644,8,4,93.8,94.5,0,2.951,0.0555555555555555
5.2,6.2,6.0,6.0,5,6,0,530,8,4,95.5,96.0,1,3.071,0.1111111111111111
7.1,6.5,3.0,2.0,6,6,0,577,8,4,98.0,98.5,0,1.0,0.0
7.7,5.5,2.0,2.0,7,6,0,962,6,4,7.9,8.9,0,1.0,0.0
2.1,3.1,2.0,2.0,1,2,0,392,6,4,18.2,18.6,1,1.2167,0.1111111111111111
2.7,3.2,3.0,1.0,2,2,0,381,6,4,19.4,19.7,0,1.49,0.0555555555555555
2.3,0.6,2.0,2.0,2,0,0,505,6,4,21.9,22.4,1,1.0,0.0833333333333333
2.9,3.0,2.0,2.0,2,2,0,873,6,4,27.7,28.6,1,2.69,0.1111111111111111
2.8,3.0,2.0,3.0,2,2,0,224,6,4,29.3,29.6,1,1.211,0.1111111111111111
2.7,2.6,3.0,4.0,2,1,0,561,6,4,35.3,35.9,0,1.0,0.0555555555555555
3.4,4.4,4.0,3.0,3,4,0,476,6,4,36.3,36.8,0,1.0,0.0
4.5,3.5,5.0,7.0,4,3,0,1090,6,4,37.1,38.2,0,1.0,0.0555555555555555
7.2,5.2,6.0,5.0,7,5,0,483,6,4,45.4,45.9,0,1.0,0.0
6.9,5.3,6.0,3.0,6,5,0,493,6,4,46.8,47.3,0,1.0,0.0277777777777777
6.7,3.6,7.0,4.0,6,3,0,419,6,4,47.7,48.1,0,1.0,0.0
6.9,3.9,3.0,5.0,6,4,0,507,6,4,53.1,53.6,0,1.0,0.0
3.5,5.5,3.0,6.0,3,5,0,240,6,4,53.9,54.1,0,1.0,0.0
3.7,6.6,4.0,7.0,3,6,0,351,6,4,54.5,54.9,0,1.0,0.0
3.8,5.8,5.0,6.0,4,6,0,547,6,4,59.0,59.6,0,1.0,0.0277777777777777
7.1,6.2,4.0,5.0,6,6,0,430,6,4,62.9,63.3,0,3.29,0.0277777777777777
6.0,7.3,5.0,3.0,6,6,0,598,6,4,69.3,69.9,0,1.0,0.0277777777777777
6.2,5.2,4.0,3.0,5,4,0,391,6,4,73.7,74.1,1,1.0,0.1111111111111111
4.5,3.5,3.0,4.0,4,3,0,355,6,4,74.7,75.0,0,1.0,0.0
2.6,1.0,2.0,2.0,2,1,0,503,6,4,85.3,85.8,0,1.0,0.0
2.5,2.5,3.0,3.0,2,2,0,333,6,4,86.3,86.7,0,1.0,0.0555555555555555
3.3,3.5,4.0,2.0,3,3,0,343,6,4,87.1,87.5,0,3.900551,0.0555555555555555
4.0,3.2,4.0,1.0,4,2,0,379,6,4,88.6,89.0,1,1.0,0.0833333333333333
3.8,0.8,4.0,3.0,3,0,0,615,6,4,91.9,92.5,0,1.0,0.0
3.7,2.7,5.0,4.0,3,2,0,540,6,4,95.1,95.7,0,1.0,0.0555555555555555
6.4,4.2,4.0,5.0,6,4,0,505,6,4,98.7,99.2,0,1.0,0.0
4.4,5.5,5.0,4.0,4,5,0,331,6,4,99.7,100.0,0,1.0,0.0
5.7,4.5,5.0,4.0,5,4,0,249,6,4,100.4,100.7,0,2.69,0.0555555555555555
5.5,4.6,5.0,3.0,5,4,0,255,6,4,101.1,101.4,0,1.1696,0.0555555555555555
5.6,3.6,4.0,3.0,5,3,0,212,6,4,101.7,102.0,0,1.0,0.0
4.5,3.5,5.0,4.0,4,3,0,242,6,4,102.3,102.5,1,5.09,0.0833333333333333
6.5,1.3,3.0,1.0,6,1,0,630,8,5,4.4,5.1,1,1.0,0.0
3.2,1.0,1.0,2.0,3,1,0,492,8,5,6.2,6.7,0,1.0,0.0277777777777777
2.2,1.9,5.0,5.0,1,2,0,573,8,5,8.4,9.0,1,1.0,0.1111111111111111
5.4,5.1,5.0,4.0,5,5,0,347,8,5,10.4,10.7,0,1.0,0.0555555555555555
5.2,4.7,2.0,3.0,5,4,0,501,8,5,11.5,12.0,1,1.0,0.1111111111111111
2.9,3.8,1.0,1.0,2,3,0,688,8,5,12.9,13.6,0,1.0,0.0277777777777777
1.5,1.0,1.0,3.0,1,1,0,503,8,5,14.7,15.2,0,1.0,0.0
1.8,3.2,3.0,4.0,1,3,0,394,8,5,16.2,16.6,1,1.0,0.1111111111111111
3.0,3.9,5.0,7.0,3,4,0,614,8,5,17.8,18.4,1,1.0,0.0833333333333333
5.9,6.7,6.0,5.0,5,7,0,318,8,5,19.8,20.1,1,1.0,0.0833333333333333
7.2,4.7,3.0,2.0,7,4,0,671,8,5,23.2,23.8,1,1.0,0.0833333333333333
4.2,1.8,2.0,1.0,3,2,0,412,8,5,25.7,26.1,0,1.0,0.0277777777777777
2.4,1.6,1.0,2.0,2,1,0,332,8,5,27.2,27.6,0,1.0,0.0555555555555555
2.0,2.0,2.0,3.0,1,2,0,596,8,5,28.8,29.4,1,1.49,0.1111111111111111
2.6,3.9,3.0,3.0,2,3,0,511,8,5,30.6,31.1,0,1.0,0.0
3.4,3.1,5.0,5.0,3,3,0,527,8,5,32.1,32.7,0,1.0,0.0555555555555555
5.4,5.3,6.0,6.0,5,5,0,440,8,5,33.7,34.1,0,2.09,0.0555555555555555
6.2,6.4,4.0,5.0,6,6,0,405,8,5,35.1,35.5,0,1.0,0.0555555555555555
4.8,5.8,6.0,4.0,4,5,0,369,8,5,36.8,37.2,0,1.0,0.0555555555555555
6.2,4.6,2.0,3.0,6,4,0,550,8,5,38.2,38.7,0,1.0,0.0555555555555555
2.1,3.6,2.0,2.0,2,3,0,395,8,5,39.9,40.3,0,1.0,0.0277777777777777
2.5,2.4,1.0,1.0,2,2,0,401,8,5,41.1,41.5,1,1.0,0.1111111111111111
1.5,1.7,3.0,1.0,1,1,0,310,8,5,42.5,42.9,0,1.0,0.0555555555555555
3.6,1.8,3.0,3.0,3,1,0,435,8,5,43.8,44.2,0,1.0,0.0277777777777777
3.6,4.0,5.0,5.0,3,3,0,399,8,5,45.6,46.0,0,1.0,0.0
5.4,5.3,4.0,4.0,5,5,0,432,8,5,47.1,47.5,0,1.871,0.0555555555555555
1.3,1.5,3.0,1.0,1,1,0,551,8,5,71.0,71.6,0,3.9216821,0.0555555555555555
3.9,1.7,5.0,4.0,3,1,0,918,8,5,73.1,74.0,0,1.49,0.0277777777777777
5.1,4.8,4.0,6.0,5,4,0,584,8,5,75.2,75.8,1,1.49,0.1111111111111111
5.7,7.3,6.0,5.0,5,7,0,509,8,5,78.6,79.2,0,1.0,0.0
6.9,5.1,4.0,4.0,6,5,0,530,8,5,80.5,81.1,0,1.49,0.0277777777777777
4.0,4.2,2.0,3.0,4,4,0,423,8,5,93.0,93.4,0,1.8523400000000003,0.0555555555555555
2.0,3.9,1.0,2.0,2,3,0,406,8,5,94.6,95.0,0,2.69,0.0277777777777777
1.9,2.2,2.0,2.0,1,2,0,331,8,5,96.0,96.3,1,4.75169,0.1111111111111111
2.3,2.3,6.0,5.0,2,2,0,611,8,5,97.4,98.0,0,1.0,0.0555555555555555
6.6,4.9,5.0,5.0,6,5,0,335,8,5,99.2,99.5,0,3.731,0.0277777777777777
6.1,3.2,5.0,4.0,5,3,0,393,6,5,3.6,4.0,0,1.0,0.0
6.0,6.5,5.0,4.0,5,6,0,390,6,5,12.2,12.6,0,1.0,0.0555555555555555
4.9,3.3,5.0,4.0,4,3,0,410,6,5,20.2,20.6,0,1.0,0.0
5.3,4.2,7.0,4.0,5,4,0,492,6,5,21.4,21.9,0,2.951,0.0277777777777777
4.2,5.5,5.0,4.0,4,5,0,355,6,5,46.2,46.5,0,1.0,0.0
6.0,5.1,4.0,3.0,5,4,0,534,6,5,51.2,51.8,1,7.331,0.1111111111111111
5.2,4.3,4.0,2.0,4,3,0,489,6,5,53.0,53.4,1,1.0547,0.0833333333333333
1.7,0.7,2.0,2.0,2,1,0,463,6,5,61.5,62.0,0,1.0,0.0277777777777777
1.1,2.2,1.0,2.0,1,2,0,356,6,5,65.4,65.8,0,1.0,0.0277777777777777
1.3,3.3,3.0,4.0,1,3,0,336,6,5,68.7,69.0,0,1.0,0.0277777777777777
3.7,4.6,4.0,3.0,3,4,0,448,6,5,69.5,70.0,1,1.0,0.0833333333333333
3.5,4.2,3.0,3.0,3,3,0,284,6,5,73.5,73.8,0,1.0,0.0
4.0,3.7,3.0,3.0,3,3,0,334,6,5,74.4,74.7,0,1.0,0.0
3.6,3.7,3.0,3.0,3,3,0,247,6,5,75.2,75.4,0,1.0,0.0555555555555555
2.6,4.7,3.0,3.0,2,4,0,302,6,5,78.3,78.6,0,1.0,0.0
3.3,3.9,4.0,2.0,3,3,0,328,6,5,79.1,79.5,0,5.69,0.0277777777777777
2.0,2.5,2.0,2.0,2,2,0,359,6,5,85.4,85.7,0,6.890000000000001,0.0555555555555555
2.1,2.1,2.0,2.0,2,2,0,415,6,5,87.5,87.9,1,1.0,0.1111111111111111
2.3,2.6,2.0,2.0,2,2,0,263,6,5,88.7,88.9,0,4.9910000000000005,0.0555555555555555
2.5,2.6,6.0,6.0,2,2,0,1077,6,5,89.4,90.5,0,3.2819000000000003,0.0555555555555555
6.1,7.2,6.0,6.0,6,6,0,354,6,5,95.8,96.2,0,6.557669000000001,0.0277777777777777
6.2,7.0,6.0,6.0,6,6,0,349,6,5,96.8,97.2,0,4.7418332,0.0277777777777777
6.3,7.1,6.0,6.0,6,6,0,321,6,5,97.6,98.0,0,3.1075809800000007,0.0277777777777777
6.2,6.6,6.0,6.0,6,6,0,189,6,5,98.4,98.5,0,1.6367539820000006,0.0277777777777777
3.7,6.5,4.0,5.0,4,5,0,216,6,5,105.1,105.3,0,1.0,0.0277777777777777
5.5,2.9,1.0,1.0,5,2,0,1514,9,4,4.3,5.8,1,1.0,0.0
0.7,1.0,5.0,6.0,0,0,0,2095,9,4,34.4,36.5,1,1.0,0.0555555555555555
6.2,5.9,3.0,3.0,5,5,0,1982,9,4,72.2,74.2,0,2.899097954,0.0555555555555555
4.4,6.8,2.0,2.0,4,7,0,2223,9,5,67.0,69.2,0,1.0,0.0277777777777777
3.3,2.6,1.0,1.0,3,3,0,2405,9,5,71.7,74.1,0,4.691,0.0555555555555555
3.9,1.5,6.0,5.0,3,1,0,791,8,8,5.4,6.2,0,1.49,0.0
6.4,4.3,3.0,1.0,6,4,0,774,8,8,8.8,9.6,1,1.0,0.1111111111111111
3.3,0.3,2.0,1.0,3,0,0,646,8,8,12.4,13.1,0,1.0,0.0
3.4,2.5,2.0,2.0,3,2,0,426,8,8,17.5,18.0,0,1.0,0.0555555555555555
2.7,2.5,1.0,2.0,2,2,0,685,8,8,25.6,26.2,0,3.611,0.0555555555555555
1.0,1.4,1.0,3.0,0,1,0,546,8,8,29.5,30.0,0,1.0,0.0555555555555555
1.9,3.9,2.0,2.0,1,3,0,566,8,8,31.0,31.6,0,1.0,0.0277777777777777
2.8,2.8,2.0,1.0,2,2,0,653,8,8,32.7,33.4,1,1.0,0.1111111111111111
3.2,2.2,3.0,1.0,3,2,0,333,8,8,40.4,40.8,1,6.4961,0.1111111111111111
2.7,2.6,1.0,2.0,2,2,0,445,8,8,52.1,52.5,0,3.856540372721,0.0555555555555555
1.0,0.9,3.0,1.0,0,0,0,673,8,8,58.1,58.8,1,1.0,0.0555555555555555
4.0,1.4,2.0,1.0,3,1,0,632,8,8,60.1,60.7,0,1.331,0.0
2.9,1.5,3.0,3.0,2,1,0,729,8,8,61.7,62.5,0,1.0,0.0555555555555555
4.4,3.5,2.0,3.0,4,3,0,492,8,8,64.7,65.2,0,1.0,0.0555555555555555
3.3,2.7,1.0,3.0,2,3,0,510,8,8,67.1,67.6,1,3.143249,0.1111111111111111
2.2,4.1,3.0,1.0,1,3,0,676,8,8,69.6,70.2,0,2.69,0.0277777777777777
2.7,2.4,3.0,2.0,2,2,0,291,8,8,75.5,75.8,0,4.0908142419677,0.0555555555555555
3.1,2.5,1.0,2.0,3,2,0,375,8,8,76.5,76.9,1,8.45919896132,0.1111111111111111
0.5,1.0,1.0,3.0,0,1,0,801,8,8,80.7,81.5,0,2.69,0.0
2.1,4.1,1.0,2.0,2,4,0,333,8,8,84.9,85.2,1,1.0,0.0833333333333333
0.4,0.7,2.0,1.0,0,1,0,847,8,8,89.1,89.9,0,3.011,0.0
2.6,1.9,2.0,3.0,2,1,0,558,8,8,91.0,91.6,0,6.053779158957494,0.0555555555555555
3.1,3.0,3.0,2.0,2,3,0,367,8,8,92.7,93.1,1,6.4488520065188,0.1111111111111111
3.2,2.0,1.0,1.0,3,2,0,318,8,8,94.3,94.6,1,9.258119189494174,0.1111111111111111
0.5,0.5,2.0,3.0,0,0,0,614,8,8,99.1,99.7,0,1.0,0.0
3.1,3.8,1.0,2.0,3,4,1,451,8,8,3.8,4.2,1,1.0,0.0833333333333333
2.8,3.4,1.0,2.0,2,3,1,554,8,8,7.3,7.8,1,1.0,0.1111111111111111
0.5,1.2,2.0,3.0,0,1,1,605,8,8,10.6,11.2,0,1.0,0.0555555555555555
1.6,3.4,3.0,2.0,1,3,1,332,8,8,13.9,14.2,0,1.0,0.0277777777777777
4.1,2.9,5.0,5.0,3,2,1,711,8,8,15.6,16.3,0,1.0,0.0277777777777777
6.5,5.3,5.0,6.0,6,5,1,448,8,8,20.5,21.0,0,1.0,0.0555555555555555
5.8,6.4,5.0,5.0,5,6,1,449,8,8,21.9,22.3,0,1.0,0.0555555555555555
5.5,4.7,4.0,6.0,5,4,1,549,8,8,27.6,28.2,0,1.0,0.0555555555555555
3.9,3.8,6.0,6.0,4,4,1,1112,8,8,34.0,35.1,0,1.0,0.0555555555555555
7.4,7.3,5.0,6.0,7,7,1,415,8,8,41.6,42.0,1,1.0,0.0555555555555555
6.9,4.3,5.0,4.0,6,4,1,417,8,8,53.9,54.3,0,1.0,0.0
5.7,4.9,6.0,6.0,5,4,1,722,8,8,55.5,56.2,0,1.03499,0.0555555555555555
7.5,7.2,6.0,5.0,7,7,1,474,8,8,63.3,63.8,0,0.89,0.0
5.6,4.7,4.0,4.0,5,4,1,397,8,8,66.0,66.4,0,1.0,0.0277777777777777
5.1,4.7,4.0,5.0,4,4,1,445,8,8,68.4,68.8,0,1.0,0.0555555555555555
3.6,6.3,6.0,6.0,3,6,1,539,8,8,71.1,71.6,0,1.0,0.0
6.8,6.6,6.0,4.0,6,6,1,420,8,8,72.7,73.1,0,1.931,0.0
6.2,4.8,5.0,6.0,6,4,1,483,8,8,74.1,74.6,1,1.0,0.1111111111111111
6.5,6.3,5.0,4.0,6,6,1,456,8,8,77.9,78.4,0,1.0,0.0555555555555555
5.2,4.7,5.0,5.0,5,4,1,401,8,8,79.5,79.9,0,1.0,0.0555555555555555
6.9,7.0,5.0,4.0,6,6,0,731,6,8,12.5,13.3,0,1.4927,0.0
4.3,6.5,1.0,2.0,4,6,0,652,6,8,39.1,39.8,0,1.0,0.0
1.6,1.6,2.0,1.0,1,1,0,357,6,8,61.3,61.6,0,1.0,0.0
5.7,2.6,5.0,4.0,5,3,0,519,6,8,82.3,82.8,0,1.0,0.0
3.8,5.4,4.0,5.0,3,5,0,1054,6,8,88.2,89.2,1,1.0,0.0833333333333333
5.1,3.9,7.0,5.0,4,4,0,401,6,8,97.4,97.8,0,3.0296,0.0277777777777777
6.6,1.7,2.0,2.0,6,1,1,418,6,8,14.3,14.7,1,1.0,0.0
1.2,3.2,2.0,2.0,1,3,1,342,6,8,31.5,31.9,0,1.7279,0.0277777777777777
2.4,4.8,1.0,2.0,2,4,1,572,6,8,37.3,37.8,0,1.0,0.0
0.6,3.5,5.0,5.0,0,3,1,552,6,8,40.3,40.8,0,1.0,0.0277777777777777
6.0,3.1,6.0,5.0,5,3,1,491,6,8,58.3,58.8,0,1.0,0.0
7.3,7.2,6.0,6.0,7,7,1,750,6,8,69.2,69.9,1,1.0,0.0555555555555555
6.2,7.0,5.0,6.0,5,7,1,292,6,8,73.3,73.6,1,1.0,0.0833333333333333
5.4,6.9,6.0,5.0,5,6,1,366,6,8,74.3,74.7,0,1.0,0.0277777777777777
6.8,6.1,5.0,6.0,6,5,1,375,6,8,75.4,75.8,0,3.0077,0.0277777777777777
5.0,7.1,2.0,2.0,5,6,1,489,6,8,77.5,78.0,0,-0.31,0.0277777777777777
4.7,3.6,1.0,3.0,3,4,1,1228,6,8,89.7,90.9,0,1.0,0.0555555555555555
2.9,3.7,4.0,1.0,2,3,1,507,6,8,100.3,100.8,0,2.69,0.0555555555555555
4.9,1.7,4.0,2.0,4,1,1,259,6,8,101.3,101.6,0,1.0,0.0
4.0,3.5,3.0,2.0,4,2,1,293,6,8,103.0,103.3,1,1.0,0.0833333333333333
6.7,1.5,3.0,1.0,6,1,0,601,8,9,12.7,13.3,1,1.0,0.0
2.5,2.5,4.0,5.0,2,2,0,552,8,9,15.8,16.3,0,1.0,0.0555555555555555
3.6,6.5,5.0,6.0,3,6,0,434,8,9,19.3,19.8,1,1.0,0.0833333333333333
3.4,6.6,5.0,5.0,3,6,0,756,8,9,24.9,25.7,0,1.0,0.0
4.8,5.1,6.0,5.0,5,5,0,469,8,9,26.9,27.4,1,1.0,0.1111111111111111
6.5,5.3,6.0,4.0,6,5,0,385,8,9,28.5,28.9,1,1.0,0.1111111111111111
6.5,4.9,2.0,2.0,6,4,0,723,8,9,29.7,30.5,0,1.0,0.0555555555555555
1.6,2.6,1.0,1.0,1,2,0,426,8,9,32.8,33.2,0,1.0,0.0555555555555555
1.4,1.7,2.0,2.0,0,1,0,400,8,9,37.2,37.6,0,1.0,0.0555555555555555
1.8,2.5,3.0,1.0,2,2,0,544,8,9,39.7,40.3,0,2.09,0.0555555555555555
2.4,4.5,3.0,3.0,2,4,0,285,8,9,51.1,51.3,0,1.0,0.0
3.3,3.4,4.0,2.0,3,3,0,352,8,9,52.3,52.7,0,1.0,0.0555555555555555
4.9,2.2,2.0,1.0,4,2,0,326,8,9,53.9,54.3,0,1.0,0.0
2.6,2.4,1.0,2.0,2,2,0,396,8,9,56.5,56.9,0,4.95524,0.0555555555555555
2.1,2.3,3.0,1.0,1,2,0,359,8,9,58.0,58.4,1,1.0,0.1111111111111111
3.5,1.8,3.0,2.0,3,1,0,326,8,9,59.4,59.7,1,7.381664000000001,0.1111111111111111
4.3,3.3,2.0,3.0,4,3,0,395,8,9,61.8,62.2,0,1.0,0.0
3.0,5.1,1.0,3.0,2,5,0,487,8,9,67.9,68.4,1,1.0,0.0
1.0,2.7,2.0,3.0,0,3,0,363,8,9,72.1,72.5,0,1.0,0.0
2.9,3.4,3.0,2.0,2,3,0,391,8,9,73.4,73.7,1,1.0,0.1111111111111111
4.9,3.7,2.0,2.0,4,3,0,414,8,9,77.1,77.5,0,1.0,0.0
2.5,2.6,1.0,1.0,2,2,0,398,8,9,78.5,78.9,0,4.408316,0.0555555555555555
1.5,1.6,3.0,1.0,1,1,0,361,8,9,79.8,80.2,0,3.29,0.0
3.0,1.3,1.0,2.0,3,1,0,421,8,9,81.4,81.8,0,1.0,0.0277777777777777
1.5,2.5,1.0,3.0,1,2,0,331,8,9,82.8,83.2,0,1.0,0.0277777777777777
3.7,4.5,3.0,1.0,3,4,0,438,8,9,89.9,90.3,0,1.0,0.0555555555555555
3.3,1.8,1.0,1.0,3,1,0,305,8,9,91.4,91.7,1,8.140246040000001,0.1111111111111111
0.4,0.3,2.0,2.0,1,0,1,784,8,9,10.5,11.3,0,1.0,0.0
3.2,2.3,1.0,2.0,3,2,1,430,8,9,14.4,14.8,1,1.0,0.1111111111111111
1.8,0.9,3.0,2.0,1,1,1,490,8,9,18.0,18.4,0,1.0,0.0277777777777777
3.3,3.5,1.0,3.0,3,3,1,398,8,9,23.6,24.0,0,1.0,0.0555555555555555
2.9,4.8,4.0,2.0,2,4,1,523,8,9,31.4,32.0,0,1.0,0.0
5.4,2.4,2.0,1.0,5,2,1,423,8,9,34.4,34.8,1,1.0,0.0
2.7,1.0,3.0,2.0,2,1,1,473,8,9,35.9,36.4,0,1.0,0.0
2.9,3.1,4.0,5.0,3,2,1,446,8,9,38.1,38.5,1,1.0,0.1111111111111111
3.5,6.2,4.0,4.0,3,6,1,515,8,9,40.9,41.4,0,1.0,0.0
4.6,4.3,5.0,4.0,4,4,1,311,8,9,42.5,42.8,0,1.0,0.0555555555555555
5.5,5.2,6.0,6.0,5,4,1,357,8,9,44.7,45.1,0,1.0,0.0555555555555555
6.8,6.5,5.0,6.0,6,6,1,408,8,9,46.2,46.6,0,1.0,0.0
5.5,6.4,4.0,6.0,5,6,1,326,8,9,47.5,47.8,0,1.0,0.0555555555555555
4.8,6.1,4.0,4.0,4,6,1,269,8,9,48.7,49.0,0,1.0,0.0555555555555555
5.0,4.8,6.0,5.0,4,4,1,312,8,9,49.9,50.2,1,1.0,0.1111111111111111
4.4,7.1,4.0,5.0,4,7,1,556,8,9,63.4,64.0,0,1.0,0.0
3.4,6.4,4.0,4.0,3,6,1,488,8,9,66.4,66.9,0,1.0,0.0
5.4,3.7,6.0,4.0,5,3,1,377,8,9,69.1,69.5,0,1.0,0.0
6.2,5.4,6.0,6.0,6,5,1,372,8,9,74.6,75.0,1,3.29,0.1111111111111111
6.2,6.2,3.0,6.0,6,6,1,373,8,9,76.0,76.4,0,1.0,0.0555555555555555
3.7,5.8,5.0,4.0,4,5,1,376,8,9,84.9,85.3,0,1.26134,0.0277777777777777
5.3,4.9,5.0,5.0,5,4,1,349,8,9,86.3,86.6,0,1.331,0.0555555555555555
5.4,5.5,6.0,4.0,5,5,1,323,8,9,87.6,87.9,0,1.0,0.0555555555555555
6.4,4.8,6.0,5.0,6,4,1,378,8,9,88.9,89.2,0,1.0,0.0555555555555555
4.5,4.6,4.0,6.0,5,4,1,433,8,9,93.3,93.7,0,1.0,0.0555555555555555
5.0,6.4,5.0,6.0,4,6,1,308,8,9,94.6,94.9,1,1.0,0.1111111111111111
6.0,6.5,7.0,5.0,5,6,1,450,8,9,95.9,96.4,0,1.0,0.0277777777777777
6.8,6.4,6.0,4.0,7,5,1,321,8,9,97.8,98.2,1,1.0,0.0833333333333333
6.7,4.7,5.0,5.0,6,4,1,380,8,9,99.0,99.3,0,1.07819,0.0555555555555555
3.4,1.7,2.0,2.0,3,2,0,821,7,4,2.0,2.9,0,1.0,0.0555555555555555
1.2,1.5,3.0,2.0,1,1,0,1231,7,4,6.0,7.2,0,1.0,0.0
4.7,0.7,3.0,1.0,4,2,0,849,7,4,11.6,12.4,0,1.0,0.0
3.9,0.4,2.0,1.0,3,1,0,692,7,4,13.6,14.3,0,1.0,0.0
4.5,0.8,3.0,2.0,3,0,0,787,7,4,18.5,19.3,0,1.0,0.0
2.6,1.9,5.0,3.0,2,2,0,1168,7,4,34.3,35.5,0,1.0,0.0555555555555555
4.6,4.3,6.0,4.0,4,5,0,706,7,4,43.8,44.5,0,1.0,0.0555555555555555
3.6,4.9,4.0,5.0,3,5,0,739,7,4,54.6,55.3,0,1.0,0.0
4.6,5.6,6.0,4.0,4,6,0,813,7,4,69.7,70.5,0,1.0,0.0277777777777777
7.6,2.0,3.0,1.0,7,3,0,929,7,4,76.8,77.7,0,1.0,0.0
1.5,6.9,6.0,5.0,1,7,0,571,6,9,6.7,7.3,1,1.0,0.0
4.5,7.5,5.0,5.0,4,7,0,739,6,9,21.4,22.2,0,1.0,0.0555555555555555
3.7,5.5,5.0,6.0,4,4,0,431,6,9,58.2,58.6,0,1.0,0.0277777777777777
7.5,7.8,5.0,6.0,6,6,0,385,6,9,76.4,76.8,0,1.0,0.0
2.5,7.6,4.0,3.0,3,7,0,523,6,9,85.2,85.7,0,1.0,0.0
3.1,3.8,7.0,5.0,3,3,0,779,6,9,91.2,92.0,0,1.0,0.0555555555555555
7.7,5.9,6.0,6.0,7,5,0,326,6,9,92.8,93.2,0,1.0,0.0
4.5,6.5,5.0,5.0,4,6,0,297,6,9,103.0,103.3,0,1.0,0.0
1.0,3.6,1.0,2.0,1,3,1,364,6,9,8.9,9.2,0,1.0,0.0
5.6,2.0,2.0,2.0,5,1,1,397,6,9,60.0,60.3,1,1.0,0.0
6.1,4.3,2.0,4.0,5,3,1,490,6,9,68.0,68.5,1,1.0,0.0833333333333333
2.7,4.8,2.0,2.0,2,4,1,367,6,9,69.0,69.4,0,1.0,0.0
0.9,1.9,2.0,2.0,1,2,1,426,6,9,77.9,78.4,0,2.4038015900000005,0.0277777777777777
2.8,2.2,2.0,2.0,2,2,1,334,6,9,79.1,79.5,1,7.391000000000001,0.1111111111111111
2.4,2.6,2.0,4.0,2,2,1,367,6,9,79.8,80.2,1,5.527814,0.1111111111111111
0.8,6.2,6.0,5.0,1,5,0,1382,7,5,2.0,3.4,1,1.0,0.0
3.8,5.3,3.0,3.0,4,5,0,641,7,5,14.6,15.3,0,1.0,0.0
1.1,2.2,2.0,0.0,1,2,0,764,7,5,30.9,31.7,0,1.0,0.0277777777777777
1.1,1.1,4.0,3.0,1,2,0,1333,7,5,46.9,48.2,0,3.89,0.0277777777777777
5.1,2.2,6.0,3.0,4,3,0,752,7,5,49.3,50.0,0,1.0,0.0
4.8,4.4,4.0,5.0,5,5,0,829,7,5,68.1,69.0,0,5.531,0.0555555555555555
3.9,6.6,5.0,5.0,4,7,0,820,7,5,75.0,75.9,0,1.0,0.0
3.8,5.4,6.0,4.0,4,5,0,1088,7,5,81.9,83.0,0,5.69,0.0277777777777777
5.0,5.0,5.0,5.0,5,5,0,864,7,5,91.2,92.1,1,8.690000000000001,0.1111111111111111
4.2,5.0,3.0,2.0,4,5,0,1140,7,5,97.8,98.9,0,5.69,0.0277777777777777
1.5,2.9,3.0,1.0,1,3,1,652,9,9,59.3,59.9,0,5.69,0.0555555555555555
2.6,1.9,5.0,5.0,3,1,1,2584,9,9,61.9,64.5,0,1.0,0.0555555555555555
3.7,7.4,1.0,2.0,3,7,0,997,7,8,7.5,8.5,1,1.0,0.0555555555555555
0.5,0.7,2.0,1.0,0,1,0,746,7,8,12.7,13.5,0,1.0,0.0
4.2,2.9,2.0,2.0,3,3,0,785,7,8,29.1,29.9,0,1.0,0.0277777777777777
1.7,1.4,1.0,2.0,1,2,0,832,7,8,44.2,45.1,0,2.09,0.0277777777777777
0.9,1.4,1.0,2.0,1,2,0,802,7,8,46.0,46.8,0,2.09,0.0277777777777777
0.4,0.9,2.0,1.0,0,2,0,1103,7,8,66.0,67.1,0,1.0,0.0
1.5,1.0,1.0,2.0,2,1,0,657,7,8,69.2,69.8,0,4.811,0.0555555555555555
5.7,6.6,6.0,4.0,5,6,1,893,7,8,5.6,6.5,0,1.0,0.0555555555555555
3.5,5.6,6.0,4.0,3,6,1,991,7,8,34.6,35.6,0,1.0,0.0277777777777777
7.0,5.5,5.0,4.0,6,6,1,754,7,8,51.0,51.8,0,1.49,0.0
4.7,6.5,5.0,4.0,5,7,1,779,7,8,60.8,61.6,0,1.0,0.0
6.2,0.7,4.0,2.0,5,1,1,1037,7,8,75.6,76.6,1,1.0,0.0
4.1,1.1,4.0,3.0,4,2,1,926,7,8,78.1,79.0,1,1.0,0.0833333333333333
5.5,5.5,6.0,5.0,5,6,1,754,7,8,93.5,94.3,0,0.938069,0.0555555555555555
5.6,0.8,2.0,2.0,5,0,0,928,7,9,7.3,8.2,1,1.0,0.0
6.4,1.9,1.0,1.0,6,1,0,1390,7,9,18.2,19.6,1,1.0,0.0
4.3,0.8,3.0,2.0,3,0,0,716,7,9,26.2,26.9,0,1.0,0.0
3.3,0.5,2.0,2.0,3,0,0,705,7,9,43.6,44.3,1,1.0,0.0833333333333333
6.3,0.6,1.0,2.0,6,1,0,1072,7,9,58.4,59.5,1,1.0,0.0
1.3,3.9,2.0,2.0,1,4,0,738,7,9,70.2,70.9,0,1.0,0.0
1.5,3.9,2.0,2.0,1,4,0,656,7,9,92.8,93.5,0,1.0,0.0
3.5,6.5,6.0,6.0,3,6,1,1290,7,9,4.8,6.0,0,1.0,0.0
6.4,6.0,5.0,6.0,6,5,1,731,7,9,16.2,16.9,0,1.0,0.0555555555555555
7.5,4.7,6.0,4.0,7,5,1,752,7,9,28.7,29.5,0,1.0,0.0
5.9,4.1,4.0,5.0,6,4,1,765,7,9,37.7,38.5,0,2.09,0.0277777777777777
4.1,5.8,5.0,6.0,4,5,1,721,7,9,40.1,40.8,0,1.0,0.0
7.3,5.3,4.0,5.0,6,6,1,960,7,9,65.6,66.6,0,2.14511,0.0277777777777777
1.9,6.7,4.0,4.0,2,7,1,885,7,9,77.6,78.5,1,1.0,0.0
5.5,2.7,5.0,4.0,5,3,1,635,7,9,83.2,83.9,0,2.471,0.0555555555555555
2.5,1.3,1.0,2.0,2,1,0,846,12,4,2.6,3.5,1,1.0,0.1111111111111111
1.0,2.4,5.0,4.0,1,2,0,761,12,4,5.2,6.0,0,1.0,0.0
5.1,5.1,4.0,6.0,5,4,0,830,12,4,7.6,8.5,1,1.0,0.1111111111111111
4.6,6.7,5.0,4.0,4,6,0,614,12,4,9.4,10.0,0,1.0,0.0
5.9,4.8,2.0,3.0,5,4,0,1036,12,4,11.4,12.4,0,1.0,0.0555555555555555
2.7,3.3,2.0,1.0,2,3,0,562,12,4,13.5,14.1,0,1.0,0.0555555555555555
2.3,2.0,1.0,2.0,2,1,0,610,12,4,15.1,15.7,0,1.0,0.0555555555555555
1.9,3.0,6.0,5.0,1,2,0,751,12,4,16.9,17.7,1,1.0,0.1111111111111111
6.6,5.3,4.0,6.0,6,5,0,540,12,4,19.0,19.5,0,1.0,0.0555555555555555
7.5,6.6,2.0,2.0,7,6,0,1049,12,4,26.5,27.5,1,1.0,0.0833333333333333
2.5,2.1,1.0,2.0,2,2,0,507,12,4,29.2,29.7,0,1.0,0.0555555555555555
0.6,1.1,3.0,1.0,0,1,0,579,12,4,33.4,34.0,0,1.0,0.0
3.3,1.9,1.0,3.0,3,1,0,574,12,4,35.1,35.7,1,1.0,0.1111111111111111
3.7,2.8,5.0,5.0,3,2,0,620,12,4,41.2,41.9,0,1.0,0.0555555555555555
6.0,6.1,4.0,4.0,5,5,0,569,12,4,43.4,43.9,1,3.29,0.1111111111111111
5.0,4.0,5.0,4.0,4,4,0,502,12,4,45.4,45.9,0,1.0,0.0277777777777777
5.7,4.8,4.0,5.0,5,4,0,763,12,4,47.0,47.8,0,1.0,0.0555555555555555
5.0,6.2,2.0,2.0,4,5,0,817,12,4,49.0,49.9,1,1.0,0.1111111111111111
4.8,3.6,6.0,4.0,5,3,0,649,12,4,58.0,58.6,0,1.0,0.0
6.5,4.0,6.0,6.0,6,4,0,589,12,4,60.5,61.1,0,1.0,0.0
6.2,6.7,2.0,2.0,6,6,0,793,12,4,62.2,63.0,0,1.0,0.0555555555555555
2.7,2.6,1.0,1.0,2,2,0,505,12,4,64.0,64.6,0,3.731,0.0555555555555555
1.8,1.8,3.0,1.0,1,1,0,588,12,4,65.7,66.3,1,1.0,0.1111111111111111
3.9,1.7,4.0,6.0,3,1,0,623,12,4,67.4,68.0,0,1.0,0.0
6.2,5.9,2.0,3.0,5,5,0,745,12,4,71.7,72.5,1,1.751,0.1111111111111111
1.4,2.5,3.0,1.0,1,2,0,540,12,4,75.0,75.6,0,1.49,0.0277777777777777
2.7,1.5,5.0,5.0,3,1,0,680,12,4,77.6,78.3,0,1.0,0.0555555555555555
4.6,5.6,6.0,5.0,4,5,0,588,12,4,83.1,83.7,1,1.0,0.1111111111111111
6.3,6.4,2.0,3.0,6,6,0,790,12,4,88.6,89.4,0,1.0,0.0
1.9,2.6,1.0,1.0,2,3,0,594,12,4,91.5,92.0,1,3.89,0.1111111111111111
2.4,0.7,3.0,4.0,1,1,0,804,12,4,94.1,94.9,0,1.0,0.0277777777777777
3.9,4.3,6.0,5.0,3,4,0,519,12,4,96.1,96.6,0,1.0,0.0555555555555555
4.1,7.5,3.0,4.0,3,7,0,636,12,5,2.0,2.7,0,1.0,0.0
3.0,4.9,3.0,1.0,3,4,0,757,12,5,4.2,5.0,0,1.0,0.0
2.6,1.5,1.0,2.0,3,1,0,734,12,5,6.9,7.6,0,1.0,0.0555555555555555
1.1,1.9,1.0,3.0,1,2,0,525,12,5,9.0,9.5,0,1.0,0.0277777777777777
1.6,2.0,2.0,3.0,1,2,0,559,12,5,17.4,18.0,0,1.0,0.0555555555555555
1.9,4.2,3.0,4.0,2,3,0,636,12,5,19.7,20.3,0,1.0,0.0277777777777777
4.0,4.8,4.0,6.0,3,4,0,567,12,5,22.1,22.6,0,1.0,0.0555555555555555
4.7,6.4,3.0,3.0,4,6,0,543,12,5,23.9,24.4,1,1.0,0.1111111111111111
3.9,4.1,2.0,2.0,3,3,0,489,12,5,25.9,26.4,0,1.0,0.0555555555555555
2.4,2.3,6.0,4.0,2,2,0,860,12,5,27.6,28.4,1,2.69,0.1111111111111111
6.1,4.4,6.0,6.0,6,4,0,438,12,5,29.5,30.0,0,1.0,0.0277777777777777
7.4,6.6,2.0,4.0,7,6,0,650,12,5,32.3,32.9,0,1.0,0.0
2.3,4.9,3.0,2.0,2,4,0,480,12,5,34.2,34.7,0,1.0,0.0
4.6,1.5,3.0,3.0,4,1,0,731,12,5,37.4,38.2,0,1.0,0.0
4.2,3.7,4.0,3.0,3,3,0,105,12,5,39.6,39.7,0,1.0,0.0
4.0,3.7,4.0,5.0,4,3,0,670,12,5,39.9,40.6,0,1.0,0.0555555555555555
4.1,5.7,2.0,2.0,4,5,0,742,12,5,41.9,42.7,0,1.0,0.0
2.1,2.3,5.0,5.0,2,2,0,558,12,5,44.0,44.6,1,1.1696,0.1111111111111111
5.3,5.0,5.0,4.0,5,5,0,64,12,5,44.6,44.7,0,1.0,0.0555555555555555
5.7,4.6,6.0,6.0,5,4,0,436,12,5,45.7,46.1,1,1.0,0.1111111111111111
6.2,6.9,4.0,4.0,6,6,0,563,12,5,47.5,48.1,0,1.0,0.0
4.3,4.4,5.0,6.0,4,4,0,672,12,5,49.1,49.7,0,1.0,0.0
5.4,6.5,2.0,1.0,5,6,0,547,12,5,50.6,51.2,0,1.0,0.0
1.9,1.2,1.0,3.0,1,0,0,581,12,5,54.8,55.4,1,1.0,0.0833333333333333
1.9,3.5,2.0,2.0,1,3,0,524,12,5,56.5,57.0,0,1.0,0.0555555555555555
2.6,3.1,3.0,3.0,2,2,0,1240,12,5,58.9,60.2,0,1.0,0.0555555555555555
3.4,3.9,5.0,4.0,3,3,0,489,12,5,61.2,61.7,0,1.0,0.0277777777777777
5.4,4.8,5.0,6.0,5,4,0,403,12,5,62.6,63.0,1,1.0,0.1111111111111111
6.0,6.8,6.0,5.0,5,6,0,866,12,5,64.3,65.1,0,1.0,0.0277777777777777
6.7,5.6,1.0,2.0,6,5,0,620,12,5,66.5,67.1,0,1.0,0.0
1.3,2.7,2.0,1.0,1,2,0,490,12,5,68.4,68.9,0,1.0,0.0277777777777777
2.5,2.4,1.0,1.0,2,1,0,553,12,5,70.3,70.9,0,1.0,0.0555555555555555
2.0,0.7,3.0,1.0,1,0,0,488,12,5,74.5,75.0,0,1.0,0.0
3.4,1.9,3.0,2.0,3,1,0,364,12,5,76.2,76.6,0,1.0,0.0555555555555555
4.4,1.6,4.0,1.0,4,1,0,159,12,5,79.6,79.8,0,1.0,0.0555555555555555
5.2,1.5,5.0,6.0,5,1,0,2398,12,5,82.6,85.0,1,1.0,0.0
5.6,4.4,4.0,6.0,5,4,0,734,12,5,92.1,92.8,0,1.0,0.0555555555555555
5.1,7.1,5.0,7.0,5,7,0,478,12,5,95.2,95.6,1,1.0,0.0833333333333333
5.3,7.3,2.0,2.0,5,7,0,978,12,5,96.4,97.4,1,0.1246999999999999,0.0833333333333333
6.5,6.1,5.0,5.0,6,6,0,487,12,8,10.4,10.9,0,1.0,0.0555555555555555
4.5,3.1,3.0,3.0,4,3,0,466,12,8,16.4,16.9,0,1.0,0.0
2.6,2.6,2.0,4.0,2,2,0,522,12,8,19.6,20.1,1,1.0,0.1111111111111111
2.1,4.8,2.0,3.0,2,4,0,534,12,8,21.8,22.4,0,1.0,0.0
3.2,3.1,5.0,4.0,3,3,0,620,12,8,24.9,25.5,1,3.29,0.1111111111111111
4.5,4.1,6.0,4.0,4,4,0,494,12,8,32.0,32.5,0,1.49,0.0
6.4,6.5,4.0,6.0,6,6,0,506,12,8,41.8,42.4,0,1.0,0.0277777777777777
2.5,7.2,4.0,4.0,2,7,0,814,12,8,49.7,50.5,1,1.0,0.0
4.6,4.6,6.0,6.0,4,4,0,708,12,8,55.4,56.1,1,3.482159,0.1111111111111111
5.7,6.7,3.0,2.0,5,6,0,717,12,8,60.6,61.3,0,3.29,0.0555555555555555
5.0,1.5,5.0,6.0,4,1,0,534,12,8,65.3,65.9,0,1.0,0.0
7.4,6.5,5.0,5.0,7,6,0,575,12,8,70.8,71.4,1,1.0,0.0833333333333333
4.4,4.5,4.0,4.0,4,4,0,158,12,8,78.6,78.8,1,3.89590157,0.1111111111111111
4.8,4.7,2.0,1.0,4,4,0,828,12,8,78.8,79.7,1,2.9088094640000004,0.1111111111111111
3.9,2.0,6.0,4.0,3,1,0,777,12,8,88.0,88.7,0,1.0,0.0277777777777777
1.1,4.6,2.0,2.0,1,4,1,488,12,8,6.5,7.0,0,1.0,0.0
1.4,2.0,3.0,2.0,1,2,1,609,12,8,12.4,13.0,0,1.0,0.0555555555555555
5.2,2.4,5.0,5.0,5,2,1,582,12,8,17.8,18.4,1,1.0,0.0
5.5,7.8,4.0,5.0,5,7,1,536,12,8,23.1,23.7,0,1.0,0.0
3.8,4.8,1.0,2.0,3,4,1,972,12,8,27.1,28.1,1,1.0,0.0833333333333333
1.6,5.1,2.0,2.0,1,4,1,677,12,8,34.1,34.8,0,1.0,0.0
2.6,3.6,2.0,1.0,2,3,1,560,12,8,46.1,46.7,1,2.6486,0.1111111111111111
2.0,2.8,1.0,1.0,2,3,1,560,12,8,52.9,53.5,1,1.13234,0.1111111111111111
0.8,2.2,3.0,2.0,0,1,1,381,12,8,57.9,58.3,1,1.0,0.0833333333333333
4.5,0.4,2.0,1.0,4,0,1,572,12,8,63.3,63.8,0,1.0,0.0
2.7,3.4,1.0,3.0,2,3,1,421,12,8,68.8,69.2,0,1.0,0.0555555555555555
1.3,4.3,1.0,4.0,1,4,1,533,12,8,76.0,76.5,0,1.0,0.0
1.8,4.5,5.0,5.0,1,4,1,570,12,8,77.0,77.6,1,1.596974,0.0833333333333333
5.5,7.3,6.0,5.0,5,7,1,677,12,8,82.7,83.4,0,1.0,0.0
3.8,6.6,1.0,2.0,3,6,1,801,12,8,93.0,93.8,0,1.0,0.0555555555555555
1.0,3.2,1.0,1.0,0,3,1,636,12,8,96.0,96.6,0,1.331,0.0277777777777777
1.5,2.9,2.0,1.0,1,2,0,553,12,9,3.8,4.3,0,1.0,0.0555555555555555
2.5,1.0,6.0,4.0,2,0,0,701,12,9,8.3,9.0,0,1.0,0.0555555555555555
6.3,7.3,3.0,2.0,6,7,0,738,12,9,29.4,30.1,1,1.0,0.0833333333333333
3.2,1.4,5.0,5.0,3,1,0,665,12,9,33.1,33.8,0,1.0,0.0555555555555555
5.8,7.4,5.0,4.0,6,7,0,716,12,9,44.0,44.7,0,1.0,0.0
5.5,3.5,5.0,5.0,5,3,0,546,12,9,48.1,48.6,0,1.0,0.0555555555555555
5.7,5.4,4.0,6.0,5,5,0,442,12,9,53.0,53.4,1,2.09,0.1111111111111111
4.5,7.1,6.0,6.0,4,7,0,450,12,9,60.1,60.5,0,1.0,0.0
6.9,7.3,2.0,2.0,6,7,0,1107,12,9,74.5,75.6,0,1.49,0.0555555555555555
1.4,1.8,1.0,3.0,1,1,0,591,12,9,86.8,87.4,0,3.558509,0.0555555555555555
1.3,2.9,3.0,3.0,0,3,0,456,12,9,96.1,96.5,1,2.7615820229,0.0833333333333333
3.4,2.6,5.0,4.0,3,2,1,469,12,9,2.2,2.7,0,1.0,0.0
5.1,3.4,5.0,6.0,5,3,1,490,12,9,6.0,6.5,0,1.0,0.0
4.2,5.4,2.0,3.0,4,5,1,690,12,9,10.4,11.1,0,1.0,0.0
3.4,5.6,2.0,2.0,3,5,1,808,12,9,20.3,21.1,0,1.0,0.0
3.7,4.1,2.0,3.0,3,3,1,622,12,9,27.0,27.6,0,1.0,0.0
3.5,3.8,1.0,3.0,3,3,1,555,12,9,31.4,32.0,0,-0.31,0.0
1.6,4.3,1.0,3.0,1,4,1,225,12,9,37.4,37.6,0,1.0,0.0555555555555555
2.9,4.0,1.0,1.0,2,4,1,564,12,9,41.5,42.0,1,1.0,0.0833333333333333
3.0,1.6,1.0,2.0,2,1,1,647,12,9,46.5,47.1,0,1.0,0.0555555555555555
2.5,2.9,3.0,3.0,2,2,1,427,12,9,50.9,51.4,0,2.69,0.0555555555555555
2.6,3.4,4.0,4.0,2,3,1,565,12,9,56.0,56.5,0,2.411,0.0555555555555555
7.3,7.4,6.0,6.0,7,7,1,201,12,9,65.7,65.9,0,1.0,0.0
5.7,6.5,4.0,4.0,5,6,1,504,12,9,76.6,77.1,1,3.731,0.1111111111111111
4.5,5.0,5.0,4.0,4,4,1,458,12,9,79.1,79.6,0,1.0,0.0555555555555555
6.4,1.5,3.0,2.0,6,1,1,497,12,9,88.9,89.4,1,1.0,0.0
2.8,1.9,5.0,5.0,3,2,1,723,12,9,91.2,91.9,1,1.0,0.1111111111111111
5.4,2.4,2.0,3.0,5,2,0,536,14,4,2.7,3.2,1,1.0,0.0
2.8,3.8,5.0,5.0,2,3,0,407,14,4,4.0,4.4,0,1.0,0.0555555555555555
5.3,5.3,4.0,6.0,5,5,0,357,14,4,5.4,5.8,1,1.0,0.1111111111111111
4.4,6.6,3.0,5.0,4,6,0,319,14,4,6.4,6.7,0,1.0,0.0555555555555555
3.5,5.4,3.0,3.0,3,5,0,317,14,4,7.6,7.9,0,1.0,0.0
3.5,3.5,1.0,2.0,3,3,0,309,14,4,8.6,8.9,0,1.0,0.0555555555555555
1.6,2.7,2.0,3.0,1,2,0,345,14,4,9.6,9.9,0,1.0,0.0277777777777777
2.5,3.4,4.0,5.0,2,3,0,346,14,4,10.6,10.9,0,1.0,0.0277777777777777
4.3,5.3,4.0,4.0,4,5,0,254,14,4,11.6,11.9,0,1.0,0.0
4.3,4.4,3.0,3.0,4,4,0,349,14,4,13.1,13.4,0,1.0,0.0555555555555555
3.6,3.5,3.0,1.0,3,3,0,293,14,4,14.1,14.4,0,1.0,0.0555555555555555
3.4,1.7,6.0,5.0,3,1,0,450,14,4,15.5,16.0,1,1.0,0.1111111111111111
6.1,5.9,1.0,2.0,6,5,0,507,14,4,16.8,17.3,1,1.0,0.1111111111111111
1.7,2.7,2.0,3.0,1,2,0,247,14,4,18.0,18.2,0,1.0,0.0555555555555555
3.4,2.1,6.0,5.0,3,2,0,511,14,4,22.1,22.6,0,1.0,0.0555555555555555
6.3,5.6,5.0,5.0,6,5,0,305,14,4,23.4,23.7,1,1.0,0.1111111111111111
5.4,5.6,1.0,2.0,5,5,0,608,14,4,24.3,25.0,1,2.09,0.1111111111111111
1.7,2.4,1.0,3.0,1,2,0,351,14,4,25.7,26.1,0,1.49,0.0555555555555555
1.1,3.5,1.0,1.0,1,3,0,398,14,4,26.7,27.1,0,1.0,0.0
1.6,1.7,3.0,3.0,1,1,0,380,14,4,27.9,28.3,0,1.0,0.0555555555555555
3.4,3.4,5.0,5.0,3,3,0,437,14,4,29.1,29.5,0,1.49,0.0555555555555555
5.6,5.2,5.0,4.0,5,5,0,273,14,4,30.3,30.6,1,1.869974,0.1111111111111111
5.6,3.8,4.0,5.0,5,3,0,411,14,4,32.9,33.3,0,1.0,0.0555555555555555
4.5,5.3,2.0,3.0,4,5,0,455,14,4,34.1,34.6,0,1.0,0.0555555555555555
2.7,3.2,3.0,2.0,2,3,0,358,14,4,35.4,35.8,1,2.09,0.1111111111111111
3.3,2.6,6.0,4.0,3,2,0,398,14,4,36.9,37.3,1,1.0,0.1111111111111111
6.5,4.6,4.0,5.0,6,4,0,383,14,4,37.9,38.3,0,1.0,0.0277777777777777
4.6,5.8,5.0,5.0,4,5,0,193,14,4,39.1,39.3,0,1.0,0.0277777777777777
5.5,5.4,5.0,4.0,5,5,0,184,14,4,40.0,40.2,1,2.8719506,0.1111111111111111
5.2,4.5,2.0,2.0,5,4,0,423,14,4,40.8,41.3,0,1.0,0.0277777777777777
2.3,2.7,1.0,2.0,2,2,0,233,14,4,42.3,42.5,1,1.0,0.1111111111111111
1.4,2.5,3.0,1.0,1,2,0,247,14,4,43.5,43.8,0,1.0,0.0
3.5,1.7,6.0,5.0,3,1,0,630,14,4,44.6,45.3,1,1.49,0.1111111111111111
5.9,5.3,4.0,4.0,6,5,0,391,14,4,46.2,46.6,1,1.49,0.1111111111111111
3.7,5.4,5.0,6.0,3,5,0,370,14,4,49.1,49.5,0,1.0,0.0
7.3,5.4,1.0,1.0,7,5,0,844,14,4,54.7,55.6,0,1.0,0.0
1.5,1.8,3.0,3.0,1,1,0,318,14,4,56.5,56.8,0,1.0,0.0277777777777777
3.1,3.5,4.0,5.0,3,3,0,334,14,4,57.6,57.9,0,1.0,0.0277777777777777
4.6,5.6,5.0,4.0,4,5,0,246,14,4,58.8,59.0,0,1.49,0.0277777777777777
5.4,4.6,5.0,6.0,5,4,0,278,14,4,59.9,60.2,0,1.49,0.0277777777777777
4.6,5.4,2.0,1.0,4,5,0,444,14,4,62.6,63.0,0,1.331,0.0277777777777777
1.6,2.1,1.0,3.0,1,2,0,429,14,4,65.3,65.7,0,1.331,0.0555555555555555
0.5,5.1,5.0,5.0,0,4,0,284,14,4,69.7,70.0,0,1.0,0.0
4.9,5.1,6.0,4.0,5,5,0,260,14,4,71.4,71.7,1,3.77372954,0.1111111111111111
6.4,5.0,6.0,6.0,6,4,0,407,14,4,73.0,73.4,0,1.0,0.0555555555555555
6.4,6.5,5.0,4.0,6,6,0,399,14,4,74.1,74.5,0,1.0,0.0555555555555555
5.4,4.7,3.0,3.0,5,4,0,399,14,4,75.4,75.8,0,1.0,0.0555555555555555
3.1,3.7,2.0,1.0,3,3,0,365,14,4,76.8,77.2,0,2.69,0.0277777777777777
2.1,1.8,3.0,2.0,2,1,0,279,14,4,78.8,79.0,1,3.31979,0.1111111111111111
3.3,2.5,1.0,3.0,3,2,0,287,14,4,79.8,80.1,1,1.031264,0.1111111111111111
1.6,3.5,6.0,4.0,1,3,0,366,14,4,80.9,81.3,0,1.331,0.0
5.7,5.3,4.0,4.0,5,5,0,302,14,4,84.6,85.0,1,1.0,0.1111111111111111
4.4,4.4,3.0,2.0,4,4,0,387,14,4,86.0,86.4,0,1.4486,0.0555555555555555
3.4,2.4,3.0,1.0,3,2,0,253,14,4,87.1,87.4,1,1.6594016,0.1111111111111111
3.6,1.7,1.0,1.0,3,1,0,314,14,4,88.0,88.3,1,3.131,0.1111111111111111
1.5,1.5,1.0,2.0,1,1,0,236,14,4,88.9,89.2,0,1.49,0.0277777777777777
1.8,2.7,4.0,4.0,1,2,0,313,14,4,90.6,90.9,0,1.1879,0.0555555555555555
3.1,3.0,5.0,5.0,2,3,0,419,14,4,96.8,97.2,1,3.0296,0.1111111111111111
5.5,5.9,5.0,6.0,5,5,0,270,14,4,98.2,98.5,0,1.0,0.0555555555555555
5.3,6.2,4.0,5.0,5,6,0,259,14,4,99.2,99.4,1,2.6486,0.1111111111111111
1.5,5.4,5.0,6.0,1,5,0,386,14,5,2.6,3.0,1,1.0,0.0
5.2,6.6,4.0,5.0,5,6,0,294,14,5,3.8,4.0,0,1.0,0.0555555555555555
4.4,5.5,1.0,3.0,4,5,0,634,14,5,4.8,5.4,0,1.0,0.0
1.7,3.3,3.0,2.0,1,3,0,461,14,5,6.0,6.5,0,1.0,0.0555555555555555
3.0,2.8,2.0,1.0,3,2,0,340,14,5,7.2,7.5,1,1.0,0.1111111111111111
2.4,0.5,4.0,4.0,2,0,0,433,14,5,10.2,10.6,1,1.0,0.0833333333333333
5.4,3.7,3.0,2.0,5,3,0,377,14,5,13.3,13.7,0,1.0,0.0
3.4,2.3,2.0,2.0,3,2,0,473,14,5,14.5,14.9,0,1.0,0.0277777777777777
2.7,2.3,1.0,2.0,2,2,0,318,14,5,15.6,16.0,1,1.0,0.1111111111111111
1.6,2.7,2.0,3.0,1,2,0,393,14,5,16.8,17.2,0,1.0,0.0555555555555555
2.7,3.6,4.0,6.0,2,3,0,550,14,5,18.1,18.6,0,1.0,0.0
4.5,6.3,6.0,6.0,4,6,0,342,14,5,19.4,19.7,0,1.0,0.0
6.3,6.7,6.0,5.0,6,6,0,315,14,5,20.8,21.1,0,1.0,0.0555555555555555
6.4,5.7,6.0,4.0,6,5,0,285,14,5,21.8,22.1,0,1.0,0.0555555555555555
4.5,7.3,2.0,2.0,4,7,0,363,14,5,30.6,31.0,0,1.0,0.0277777777777777
4.7,0.5,2.0,2.0,4,0,0,406,14,5,36.0,36.4,0,1.0,0.0
2.7,2.5,4.0,5.0,2,2,0,455,14,5,37.3,37.7,1,4.331,0.1111111111111111
5.5,6.3,6.0,5.0,5,6,0,322,14,5,40.5,40.8,0,0.89,0.0555555555555555
5.5,6.7,6.0,5.0,6,5,0,342,14,5,42.6,42.9,1,1.49,0.1111111111111111
5.7,4.7,3.0,3.0,6,4,0,394,14,5,46.7,47.1,0,1.49,0.0555555555555555
3.6,3.6,2.0,2.0,3,3,0,357,14,5,48.2,48.5,0,1.0,0.0
2.7,2.4,1.0,2.0,2,2,0,277,14,5,49.5,49.8,1,5.0879,0.1111111111111111
1.7,2.1,2.0,3.0,1,1,0,283,14,5,53.7,54.0,0,1.0,0.0555555555555555
2.6,3.7,5.0,5.0,2,3,0,342,14,5,55.2,55.5,0,1.49,0.0
6.4,6.2,4.0,4.0,6,6,0,310,14,5,57.8,58.1,0,1.0,0.0
4.8,4.3,4.0,5.0,4,4,0,299,14,5,59.3,59.6,0,2.09,0.0277777777777777
4.8,5.9,3.0,3.0,4,5,0,462,14,5,60.5,61.0,1,2.09,0.1111111111111111
3.2,3.4,2.0,2.0,3,3,0,222,14,5,61.9,62.2,0,1.0,0.0555555555555555
4.6,0.8,5.0,4.0,4,0,0,440,14,5,67.4,67.8,0,1.0,0.0
4.5,7.1,2.0,2.0,4,6,0,470,14,5,83.7,84.2,0,1.0,0.0
3.0,1.8,1.0,3.0,2,2,0,372,14,5,86.0,86.4,1,10.402199,0.1111111111111111
1.5,3.6,7.0,5.0,1,3,0,338,14,5,87.5,87.9,0,1.0,0.0
7.3,5.0,6.0,4.0,7,5,0,285,14,5,89.5,89.8,0,1.0,0.0
5.9,4.6,6.0,6.0,6,4,0,246,14,5,91.3,91.5,0,3.131,0.0555555555555555
5.6,5.7,3.0,3.0,5,5,0,439,14,5,93.9,94.3,1,4.49,0.1111111111111111
3.1,3.6,2.0,2.0,3,3,0,318,14,5,95.5,95.8,0,1.0,0.0277777777777777
3.4,1.6,1.0,1.0,3,1,0,252,14,5,98.5,98.8,0,0.791,0.0
5.0,3.9,3.0,3.0,6,2,0,389,14,8,4.1,4.5,1,1.0,0.0
3.5,2.7,1.0,1.0,3,2,0,287,14,8,7.6,7.9,1,1.0,0.1111111111111111
0.6,2.9,2.0,3.0,0,2,0,318,14,8,11.6,11.9,0,1.0,0.0
2.8,3.2,3.0,1.0,2,3,0,359,14,8,13.6,14.0,1,1.0,0.1111111111111111
3.7,0.4,2.0,2.0,3,0,0,847,14,8,18.5,19.4,1,1.0,0.0833333333333333
2.4,2.3,1.0,2.0,2,2,0,351,14,8,20.4,20.8,1,1.0,0.1111111111111111
1.8,3.0,3.0,2.0,1,2,0,269,14,8,22.1,22.4,0,1.0,0.0555555555555555
1.5,0.5,3.0,2.0,1,0,0,432,14,8,36.2,36.7,0,1.0,0.0
1.6,1.3,2.0,3.0,1,0,0,406,14,8,49.9,50.3,0,1.331,0.0555555555555555
2.3,1.4,1.0,3.0,2,1,0,415,14,8,55.5,56.0,0,1.49,0.0277777777777777
1.2,1.4,2.0,1.0,1,1,0,430,14,8,62.9,63.3,0,3.31538,0.0
1.4,0.5,2.0,3.0,1,0,0,477,14,8,66.3,66.7,1,1.0,0.0833333333333333
2.9,3.0,1.0,3.0,2,3,0,447,14,8,68.5,68.9,1,8.228864000000002,0.1111111111111111
0.8,3.3,2.0,2.0,0,3,0,460,14,8,76.7,77.1,0,1.0,0.0555555555555555
2.4,3.0,3.0,1.0,2,2,0,359,14,8,78.5,78.9,0,1.0,0.0555555555555555
3.7,1.1,3.0,3.0,3,1,0,372,14,8,80.2,80.6,0,1.49,0.0
3.1,3.5,5.0,4.0,3,3,0,363,14,8,82.0,82.4,0,1.0,0.0555555555555555
5.8,4.3,3.0,3.0,5,4,0,318,14,8,87.1,87.4,0,1.0,0.0555555555555555
3.4,4.2,2.0,1.0,3,4,0,343,14,8,89.7,90.1,0,1.0,0.0
3.8,3.0,5.0,5.0,3,2,1,394,14,8,9.9,10.3,0,1.0,0.0555555555555555
5.5,6.5,6.0,5.0,5,6,1,376,14,8,14.8,15.2,0,1.0,0.0277777777777777
6.1,4.5,4.0,5.0,6,4,1,653,14,8,24.0,24.7,0,1.0,0.0277777777777777
4.5,5.5,5.0,5.0,4,5,1,259,14,8,25.6,25.9,0,1.0,0.0555555555555555
5.1,5.7,6.0,6.0,5,5,1,656,14,8,27.0,27.7,0,2.09,0.0555555555555555
7.2,4.8,4.0,5.0,7,4,1,389,14,8,34.6,35.0,0,1.49,0.0555555555555555
4.6,5.6,5.0,4.0,4,5,1,288,14,8,52.1,52.3,0,2.9365151000000003,0.0555555555555555
5.3,4.8,6.0,5.0,5,4,1,262,14,8,53.6,53.9,1,1.0,0.1111111111111111
4.9,4.8,4.0,4.0,5,5,1,312,14,8,57.9,58.2,1,1.0,0.1111111111111111
4.6,4.6,6.0,4.0,4,4,1,303,14,8,59.1,59.4,0,1.0,0.0555555555555555
6.0,4.1,6.0,6.0,6,4,1,583,14,8,60.8,61.3,0,1.49,0.0277777777777777
4.5,5.4,6.0,6.0,4,5,1,430,14,8,72.7,73.1,0,0.89,0.0
7.2,7.0,5.0,5.0,6,6,1,441,14,8,75.0,75.4,0,1.0,0.0
5.9,6.7,5.0,5.0,6,7,1,359,14,8,83.7,84.1,1,1.0,0.0833333333333333
4.8,5.8,4.0,6.0,5,5,1,320,14,8,85.8,86.1,0,2.860259000000001,0.0555555555555555
2.0,1.6,1.0,2.0,2,1,0,321,14,9,6.1,6.4,0,1.0,0.0277777777777777
3.2,3.6,4.0,4.0,3,3,0,469,14,9,34.4,34.8,0,1.0,0.0555555555555555
4.9,4.9,5.0,6.0,4,4,0,333,14,9,36.2,36.5,0,1.0,0.0555555555555555
5.8,6.2,5.0,5.0,5,6,0,308,14,9,38.2,38.5,1,1.0,0.1111111111111111
5.4,6.1,4.0,5.0,5,5,0,296,14,9,69.9,70.2,0,1.3787,0.0555555555555555
4.5,7.4,5.0,4.0,4,7,0,302,14,9,81.5,81.9,0,1.0,0.0
5.9,6.0,6.0,6.0,6,5,0,326,14,9,90.2,90.5,1,3.4825820000000003,0.1111111111111111
6.8,2.2,4.0,5.0,7,1,1,748,14,9,1.9,2.7,1,1.0,0.0
4.3,3.9,3.0,2.0,4,3,1,351,14,9,77.9,78.2,0,1.49,0.0555555555555555
3.1,2.1,2.0,3.0,3,2,1,303,14,9,80.0,80.3,1,1.0,0.1111111111111111
1.5,2.8,3.0,3.0,1,2,1,292,14,9,98.5,98.8,0,1.0,0.0555555555555555
